81575098-df8a-45c4-82dc-1b64374dcfdb;2020-01-03T07:00:00Z;59.5;59.5;59.5;59.5;80;
81575098-df8a-45c4-82dc-1b64374dcfdb;2020-01-03T07:02:00Z;59.69;59.69;59.69;59.69;4;
81575098-df8a-45c4-82dc-1b64374dcfdb;2020-01-03T07:03:00Z;59.53;59.53;59.53;59.53;4;
81575098-df8a-45c4-82dc-1b64374dcfdb;2020-01-03T07:04:00Z;59.6;59.6;59.6;59.6;4;
81575098-df8a-45c4-82dc-1b64374dcfdb;2020-01-03T07:05:00Z;59.6;59.61;59.61;59.6;40;
81575098-df8a-45c4-82dc-1b64374dcfdb;2020-01-03T07:06:00Z;59.53;59.53;59.53;59.53;48;
81575098-df8a-45c4-82dc-1b64374dcfdb;2020-01-03T07:07:00Z;59.53;59.53;59.53;59.53;28;
81575098-df8a-45c4-82dc-1b64374dcfdb;2020-01-03T07:08:00Z;59.5;59.5;59.5;59.5;12;
81575098-df8a-45c4-82dc-1b64374dcfdb;2020-01-03T07:10:00Z;59.44;59.44;59.44;59.44;40;
81575098-df8a-45c4-82dc-1b64374dcfdb;2020-01-03T07:12:00Z;59.42;59.42;59.42;59.42;4;
81575098-df8a-45c4-82dc-1b64374dcfdb;2020-01-03T07:13:00Z;59.41;59.41;59.41;59.41;4;
81575098-df8a-45c4-82dc-1b64374dcfdb;2020-01-03T07:16:00Z;59.5;59.5;59.5;59.5;4;
81575098-df8a-45c4-82dc-1b64374dcfdb;2020-01-03T07:18:00Z;59.5;59.5;59.5;59.5;104;
81575098-df8a-45c4-82dc-1b64374dcfdb;2020-01-03T07:19:00Z;59.5;59.5;59.5;59.5;60;
81575098-df8a-45c4-82dc-1b64374dcfdb;2020-01-03T07:20:00Z;59.5;59.5;59.5;59.5;8;
81575098-df8a-45c4-82dc-1b64374dcfdb;2020-01-03T07:21:00Z;59.38;59.19;59.38;59.12;52;
81575098-df8a-45c4-82dc-1b64374dcfdb;2020-01-03T07:22:00Z;59.19;59.19;59.19;59.19;8;
81575098-df8a-45c4-82dc-1b64374dcfdb;2020-01-03T07:23:00Z;59.19;59.19;59.19;59.19;4;
81575098-df8a-45c4-82dc-1b64374dcfdb;2020-01-03T07:24:00Z;59.03;59.03;59.03;59.03;12;
81575098-df8a-45c4-82dc-1b64374dcfdb;2020-01-03T07:26:00Z;59.13;59.13;59.13;59.13;4;
81575098-df8a-45c4-82dc-1b64374dcfdb;2020-01-03T07:28:00Z;59.13;59.07;59.13;59.07;28;
81575098-df8a-45c4-82dc-1b64374dcfdb;2020-01-03T07:29:00Z;59.07;59.07;59.07;59.07;56;
81575098-df8a-45c4-82dc-1b64374dcfdb;2020-01-03T07:32:00Z;59.12;59.12;59.12;59.12;8;
81575098-df8a-45c4-82dc-1b64374dcfdb;2020-01-03T07:33:00Z;59.13;59.13;59.13;59.13;76;
81575098-df8a-45c4-82dc-1b64374dcfdb;2020-01-03T07:34:00Z;59.14;59.14;59.14;59.14;12;
81575098-df8a-45c4-82dc-1b64374dcfdb;2020-01-03T07:36:00Z;59.13;59.13;59.13;59.13;24;
81575098-df8a-45c4-82dc-1b64374dcfdb;2020-01-03T07:37:00Z;59.13;59.13;59.13;59.13;40;
81575098-df8a-45c4-82dc-1b64374dcfdb;2020-01-03T07:38:00Z;59.13;59.13;59.13;59.13;128;
81575098-df8a-45c4-82dc-1b64374dcfdb;2020-01-03T07:39:00Z;59.14;59.13;59.14;59.13;132;
81575098-df8a-45c4-82dc-1b64374dcfdb;2020-01-03T07:47:00Z;59.13;59.13;59.13;59.13;4;
81575098-df8a-45c4-82dc-1b64374dcfdb;2020-01-03T07:52:00Z;59.07;59.07;59.07;59.07;28;
81575098-df8a-45c4-82dc-1b64374dcfdb;2020-01-03T07:54:00Z;59.11;59.11;59.11;59.11;4;
81575098-df8a-45c4-82dc-1b64374dcfdb;2020-01-03T07:58:00Z;59.11;59.11;59.11;59.11;144;
81575098-df8a-45c4-82dc-1b64374dcfdb;2020-01-03T07:59:00Z;59.12;59.12;59.12;59.12;4;
81575098-df8a-45c4-82dc-1b64374dcfdb;2020-01-03T08:00:00Z;59.07;59.07;59.07;59.07;8;
81575098-df8a-45c4-82dc-1b64374dcfdb;2020-01-03T08:05:00Z;59.2;59.2;59.2;59.2;4;
81575098-df8a-45c4-82dc-1b64374dcfdb;2020-01-03T08:10:00Z;59.2;59.2;59.2;59.2;4;
81575098-df8a-45c4-82dc-1b64374dcfdb;2020-01-03T08:11:00Z;59.2;59.2;59.2;59.2;4;
81575098-df8a-45c4-82dc-1b64374dcfdb;2020-01-03T08:13:00Z;59.2;59.2;59.2;59.2;4;
81575098-df8a-45c4-82dc-1b64374dcfdb;2020-01-03T08:14:00Z;59.11;59.11;59.11;59.11;80;
81575098-df8a-45c4-82dc-1b64374dcfdb;2020-01-03T08:18:00Z;59.2;59.2;59.2;59.2;8;
81575098-df8a-45c4-82dc-1b64374dcfdb;2020-01-03T08:19:00Z;59.19;59.19;59.19;59.19;16;
81575098-df8a-45c4-82dc-1b64374dcfdb;2020-01-03T08:20:00Z;59.11;59.19;59.19;59.11;24;
81575098-df8a-45c4-82dc-1b64374dcfdb;2020-01-03T08:30:00Z;59.19;59.19;59.19;59.19;4;
81575098-df8a-45c4-82dc-1b64374dcfdb;2020-01-03T08:31:00Z;59.19;59.19;59.19;59.19;4;
81575098-df8a-45c4-82dc-1b64374dcfdb;2020-01-03T08:33:00Z;59.19;59.19;59.19;59.19;4;
81575098-df8a-45c4-82dc-1b64374dcfdb;2020-01-03T08:36:00Z;59.13;59.13;59.13;59.13;80;
81575098-df8a-45c4-82dc-1b64374dcfdb;2020-01-03T08:37:00Z;59.2;59.2;59.2;59.2;8;
81575098-df8a-45c4-82dc-1b64374dcfdb;2020-01-03T08:38:00Z;59.2;59.2;59.2;59.2;32;
81575098-df8a-45c4-82dc-1b64374dcfdb;2020-01-03T08:46:00Z;59.2;59.14;59.2;59.14;8;
81575098-df8a-45c4-82dc-1b64374dcfdb;2020-01-03T08:56:00Z;59.24;59.24;59.24;59.24;4;
81575098-df8a-45c4-82dc-1b64374dcfdb;2020-01-03T08:59:00Z;59.24;59.14;59.24;59.14;8;
81575098-df8a-45c4-82dc-1b64374dcfdb;2020-01-03T09:04:00Z;59.17;59.17;59.17;59.17;64;
81575098-df8a-45c4-82dc-1b64374dcfdb;2020-01-03T09:05:00Z;59.13;59.06;59.13;59.06;184;
81575098-df8a-45c4-82dc-1b64374dcfdb;2020-01-03T09:07:00Z;59.01;58.82;59.01;58.82;1392;
81575098-df8a-45c4-82dc-1b64374dcfdb;2020-01-03T09:09:00Z;58.82;58.82;58.82;58.82;40;
81575098-df8a-45c4-82dc-1b64374dcfdb;2020-01-03T09:10:00Z;58.82;58.75;58.82;58.72;604;
81575098-df8a-45c4-82dc-1b64374dcfdb;2020-01-03T09:11:00Z;58.75;58.75;58.75;58.75;72;
81575098-df8a-45c4-82dc-1b64374dcfdb;2020-01-03T09:12:00Z;58.78;58.78;58.78;58.78;32;
81575098-df8a-45c4-82dc-1b64374dcfdb;2020-01-03T09:17:00Z;58.75;58.75;58.75;58.75;200;
81575098-df8a-45c4-82dc-1b64374dcfdb;2020-01-03T09:20:00Z;58.85;59;59;58.85;1088;
81575098-df8a-45c4-82dc-1b64374dcfdb;2020-01-03T09:21:00Z;58.83;58.83;58.83;58.83;52;
81575098-df8a-45c4-82dc-1b64374dcfdb;2020-01-03T09:22:00Z;58.75;58.7;58.75;58.7;36;
81575098-df8a-45c4-82dc-1b64374dcfdb;2020-01-03T09:24:00Z;58.7;58.7;58.7;58.7;40;
81575098-df8a-45c4-82dc-1b64374dcfdb;2020-01-03T09:27:00Z;59.06;59.06;59.06;59.06;60;
81575098-df8a-45c4-82dc-1b64374dcfdb;2020-01-03T09:28:00Z;58.65;58.63;58.65;58.63;8;
81575098-df8a-45c4-82dc-1b64374dcfdb;2020-01-03T09:33:00Z;58.98;58.98;58.98;58.98;4;
81575098-df8a-45c4-82dc-1b64374dcfdb;2020-01-03T09:38:00Z;58.8;58.8;58.8;58.8;4;
81575098-df8a-45c4-82dc-1b64374dcfdb;2020-01-03T09:45:00Z;58.65;58.6;58.65;58.6;324;
81575098-df8a-45c4-82dc-1b64374dcfdb;2020-01-03T09:47:00Z;58.61;58.61;58.61;58.61;4;
81575098-df8a-45c4-82dc-1b64374dcfdb;2020-01-03T09:48:00Z;58.5;58.5;58.5;58.5;84;
81575098-df8a-45c4-82dc-1b64374dcfdb;2020-01-03T09:49:00Z;58.47;58.46;58.47;58.46;212;
81575098-df8a-45c4-82dc-1b64374dcfdb;2020-01-03T09:50:00Z;58.5;58.46;58.5;58.46;72;
81575098-df8a-45c4-82dc-1b64374dcfdb;2020-01-03T09:51:00Z;58.5;58.5;58.5;58.5;24;
81575098-df8a-45c4-82dc-1b64374dcfdb;2020-01-03T09:52:00Z;58.71;58.71;58.71;58.71;40;
81575098-df8a-45c4-82dc-1b64374dcfdb;2020-01-03T09:54:00Z;58.69;58.69;58.69;58.69;4;
81575098-df8a-45c4-82dc-1b64374dcfdb;2020-01-03T09:55:00Z;58.69;58.69;58.69;58.68;40;
81575098-df8a-45c4-82dc-1b64374dcfdb;2020-01-03T09:57:00Z;58.69;58.69;58.69;58.69;4;
81575098-df8a-45c4-82dc-1b64374dcfdb;2020-01-03T10:01:00Z;58.76;58.76;58.76;58.76;4;
81575098-df8a-45c4-82dc-1b64374dcfdb;2020-01-03T10:03:00Z;58.69;58.69;58.69;58.69;400;
81575098-df8a-45c4-82dc-1b64374dcfdb;2020-01-03T10:05:00Z;58.69;58.69;58.69;58.69;4;
81575098-df8a-45c4-82dc-1b64374dcfdb;2020-01-03T10:14:00Z;58.75;58.72;58.75;58.72;408;
81575098-df8a-45c4-82dc-1b64374dcfdb;2020-01-03T10:19:00Z;58.72;58.72;58.72;58.72;4;
81575098-df8a-45c4-82dc-1b64374dcfdb;2020-01-03T10:20:00Z;58.64;58.72;58.72;58.64;24;
81575098-df8a-45c4-82dc-1b64374dcfdb;2020-01-03T10:22:00Z;58.72;58.72;58.72;58.72;8;
81575098-df8a-45c4-82dc-1b64374dcfdb;2020-01-03T10:25:00Z;58.72;58.72;58.72;58.72;80;
81575098-df8a-45c4-82dc-1b64374dcfdb;2020-01-03T10:32:00Z;58.72;58.72;58.72;58.72;8;
81575098-df8a-45c4-82dc-1b64374dcfdb;2020-01-03T10:34:00Z;58.71;58.71;58.71;58.71;120;
81575098-df8a-45c4-82dc-1b64374dcfdb;2020-01-03T10:35:00Z;58.72;58.59;58.72;58.59;324;
81575098-df8a-45c4-82dc-1b64374dcfdb;2020-01-03T10:38:00Z;58.72;58.72;58.72;58.72;4;
81575098-df8a-45c4-82dc-1b64374dcfdb;2020-01-03T10:40:00Z;58.72;58.72;58.72;58.72;4;
81575098-df8a-45c4-82dc-1b64374dcfdb;2020-01-03T10:41:00Z;58.54;58.53;58.54;58.53;24;
81575098-df8a-45c4-82dc-1b64374dcfdb;2020-01-03T10:43:00Z;58.5;58.5;58.5;58.5;68;
81575098-df8a-45c4-82dc-1b64374dcfdb;2020-01-03T10:44:00Z;58.72;58.72;58.72;58.72;4;
81575098-df8a-45c4-82dc-1b64374dcfdb;2020-01-03T10:48:00Z;58.67;58.67;58.67;58.67;4;
81575098-df8a-45c4-82dc-1b64374dcfdb;2020-01-03T10:49:00Z;58.66;58.66;58.66;58.66;4;
81575098-df8a-45c4-82dc-1b64374dcfdb;2020-01-03T10:54:00Z;58.45;58.31;58.45;58.31;260;
81575098-df8a-45c4-82dc-1b64374dcfdb;2020-01-03T10:55:00Z;58.3;58.3;58.3;58.3;40;
81575098-df8a-45c4-82dc-1b64374dcfdb;2020-01-03T10:56:00Z;58.3;58.3;58.3;58.3;4;
81575098-df8a-45c4-82dc-1b64374dcfdb;2020-01-03T10:57:00Z;58.25;58.05;58.25;58.05;80;
81575098-df8a-45c4-82dc-1b64374dcfdb;2020-01-03T10:58:00Z;58.05;58.05;58.05;58.05;40;
81575098-df8a-45c4-82dc-1b64374dcfdb;2020-01-03T10:59:00Z;58.05;58.05;58.05;58.05;20;
81575098-df8a-45c4-82dc-1b64374dcfdb;2020-01-03T11:00:00Z;58.05;58.08;58.08;58.05;128;
81575098-df8a-45c4-82dc-1b64374dcfdb;2020-01-03T11:02:00Z;58.23;58.23;58.23;58.09;640;
81575098-df8a-45c4-82dc-1b64374dcfdb;2020-01-03T11:04:00Z;58.13;58.13;58.13;58.13;24;
81575098-df8a-45c4-82dc-1b64374dcfdb;2020-01-03T11:05:00Z;58.23;58.23;58.23;58.23;8;
81575098-df8a-45c4-82dc-1b64374dcfdb;2020-01-03T11:07:00Z;58.21;58.21;58.21;58.21;20;
81575098-df8a-45c4-82dc-1b64374dcfdb;2020-01-03T11:09:00Z;58.3;58.28;58.3;58.28;16;
81575098-df8a-45c4-82dc-1b64374dcfdb;2020-01-03T11:14:00Z;58.36;58.36;58.36;58.36;40;
81575098-df8a-45c4-82dc-1b64374dcfdb;2020-01-03T11:22:00Z;58.37;58.37;58.37;58.37;4;
81575098-df8a-45c4-82dc-1b64374dcfdb;2020-01-03T11:27:00Z;58.22;58.22;58.22;58.22;16;
81575098-df8a-45c4-82dc-1b64374dcfdb;2020-01-03T11:28:00Z;58.32;58.32;58.32;58.32;16;
81575098-df8a-45c4-82dc-1b64374dcfdb;2020-01-03T11:29:00Z;58.32;58.32;58.32;58.32;4;
81575098-df8a-45c4-82dc-1b64374dcfdb;2020-01-03T11:33:00Z;58.32;58.32;58.32;58.32;4;
81575098-df8a-45c4-82dc-1b64374dcfdb;2020-01-03T11:39:00Z;58.27;58.27;58.27;58.27;4;
81575098-df8a-45c4-82dc-1b64374dcfdb;2020-01-03T11:44:00Z;58.3;58.23;58.32;58.23;24;
81575098-df8a-45c4-82dc-1b64374dcfdb;2020-01-03T11:45:00Z;58.33;58.33;58.33;58.33;8;
81575098-df8a-45c4-82dc-1b64374dcfdb;2020-01-03T11:54:00Z;58.32;58.32;58.32;58.32;4;
81575098-df8a-45c4-82dc-1b64374dcfdb;2020-01-03T11:55:00Z;58.3;58.3;58.3;58.3;4;
81575098-df8a-45c4-82dc-1b64374dcfdb;2020-01-03T11:57:00Z;58.29;58.29;58.29;58.29;4;
81575098-df8a-45c4-82dc-1b64374dcfdb;2020-01-03T12:00:00Z;58.33;58.33;58.33;58.33;4;
81575098-df8a-45c4-82dc-1b64374dcfdb;2020-01-03T12:02:00Z;58.55;58.55;58.55;58.55;4;
81575098-df8a-45c4-82dc-1b64374dcfdb;2020-01-03T12:03:00Z;58.54;58.54;58.54;58.54;120;
81575098-df8a-45c4-82dc-1b64374dcfdb;2020-01-03T12:10:00Z;58.55;58.55;58.55;58.55;4;
81575098-df8a-45c4-82dc-1b64374dcfdb;2020-01-03T12:11:00Z;58.71;58.71;58.71;58.71;4;
81575098-df8a-45c4-82dc-1b64374dcfdb;2020-01-03T12:12:00Z;58.71;58.71;58.71;58.71;12;
81575098-df8a-45c4-82dc-1b64374dcfdb;2020-01-03T12:13:00Z;58.74;58.74;58.74;58.74;8;
81575098-df8a-45c4-82dc-1b64374dcfdb;2020-01-03T12:14:00Z;58.75;58.75;58.75;58.75;40;
81575098-df8a-45c4-82dc-1b64374dcfdb;2020-01-03T12:17:00Z;58.78;58.78;58.78;58.78;12;
81575098-df8a-45c4-82dc-1b64374dcfdb;2020-01-03T12:18:00Z;58.78;58.78;58.78;58.78;48;
81575098-df8a-45c4-82dc-1b64374dcfdb;2020-01-03T12:19:00Z;58.8;58.8;58.8;58.8;68;
81575098-df8a-45c4-82dc-1b64374dcfdb;2020-01-03T12:26:00Z;58.8;58.8;58.8;58.8;12;
81575098-df8a-45c4-82dc-1b64374dcfdb;2020-01-03T12:27:00Z;58.81;58.81;58.81;58.81;4;
81575098-df8a-45c4-82dc-1b64374dcfdb;2020-01-03T12:29:00Z;58.76;58.76;58.76;58.76;16;
81575098-df8a-45c4-82dc-1b64374dcfdb;2020-01-03T12:30:00Z;58.65;58.65;58.65;58.65;20;
81575098-df8a-45c4-82dc-1b64374dcfdb;2020-01-03T12:31:00Z;58.65;58.7;58.71;58.65;1180;
81575098-df8a-45c4-82dc-1b64374dcfdb;2020-01-03T12:32:00Z;58.65;58.64;58.65;58.64;800;
81575098-df8a-45c4-82dc-1b64374dcfdb;2020-01-03T12:33:00Z;58.7;58.7;58.7;58.7;60;
81575098-df8a-45c4-82dc-1b64374dcfdb;2020-01-03T12:35:00Z;58.71;58.71;58.71;58.71;3040;
81575098-df8a-45c4-82dc-1b64374dcfdb;2020-01-03T12:37:00Z;58.8;58.81;58.81;58.76;964;
81575098-df8a-45c4-82dc-1b64374dcfdb;2020-01-03T12:38:00Z;58.77;58.76;58.79;58.76;188;
81575098-df8a-45c4-82dc-1b64374dcfdb;2020-01-03T12:39:00Z;58.83;58.83;58.83;58.83;400;
81575098-df8a-45c4-82dc-1b64374dcfdb;2020-01-03T12:40:00Z;58.82;58.76;58.83;58.76;1516;
81575098-df8a-45c4-82dc-1b64374dcfdb;2020-01-03T12:42:00Z;58.78;58.78;58.78;58.78;120;
81575098-df8a-45c4-82dc-1b64374dcfdb;2020-01-03T12:43:00Z;58.81;58.81;58.81;58.81;8;
81575098-df8a-45c4-82dc-1b64374dcfdb;2020-01-03T12:44:00Z;58.8;58.77;58.8;58.77;200;
81575098-df8a-45c4-82dc-1b64374dcfdb;2020-01-03T12:45:00Z;58.79;58.79;58.79;58.79;400;
81575098-df8a-45c4-82dc-1b64374dcfdb;2020-01-03T12:46:00Z;58.79;58.83;58.83;58.79;248;
81575098-df8a-45c4-82dc-1b64374dcfdb;2020-01-03T12:47:00Z;58.83;58.83;58.83;58.83;1012;
81575098-df8a-45c4-82dc-1b64374dcfdb;2020-01-03T12:48:00Z;58.83;58.83;58.83;58.83;276;
81575098-df8a-45c4-82dc-1b64374dcfdb;2020-01-03T12:49:00Z;58.83;58.83;58.83;58.83;452;
81575098-df8a-45c4-82dc-1b64374dcfdb;2020-01-03T12:50:00Z;58.83;58.79;58.83;58.79;172;
81575098-df8a-45c4-82dc-1b64374dcfdb;2020-01-03T12:51:00Z;58.79;58.87;58.87;58.79;120;
81575098-df8a-45c4-82dc-1b64374dcfdb;2020-01-03T12:52:00Z;58.79;58.78;58.79;58.78;248;
81575098-df8a-45c4-82dc-1b64374dcfdb;2020-01-03T12:53:00Z;58.78;58.75;58.8;58.75;2324;
81575098-df8a-45c4-82dc-1b64374dcfdb;2020-01-03T12:54:00Z;58.78;58.78;58.78;58.78;8;
81575098-df8a-45c4-82dc-1b64374dcfdb;2020-01-03T12:56:00Z;58.75;58.75;58.75;58.75;240;
81575098-df8a-45c4-82dc-1b64374dcfdb;2020-01-03T13:00:00Z;58.8;58.8;58.8;58.8;1616;
81575098-df8a-45c4-82dc-1b64374dcfdb;2020-01-03T13:01:00Z;58.87;58.89;58.89;58.87;1064;
81575098-df8a-45c4-82dc-1b64374dcfdb;2020-01-03T13:02:00Z;58.85;58.85;58.85;58.85;1476;
81575098-df8a-45c4-82dc-1b64374dcfdb;2020-01-03T13:03:00Z;58.89;58.92;58.93;58.88;308;
81575098-df8a-45c4-82dc-1b64374dcfdb;2020-01-03T13:05:00Z;58.96;59.01;59.01;58.96;1512;
81575098-df8a-45c4-82dc-1b64374dcfdb;2020-01-03T13:06:00Z;59.04;59.05;59.05;59;124;
81575098-df8a-45c4-82dc-1b64374dcfdb;2020-01-03T13:07:00Z;59.08;59.08;59.08;59.08;400;
81575098-df8a-45c4-82dc-1b64374dcfdb;2020-01-03T13:08:00Z;59.13;59.08;59.13;59.08;328;
81575098-df8a-45c4-82dc-1b64374dcfdb;2020-01-03T13:09:00Z;59.05;59.05;59.05;59.05;40;
81575098-df8a-45c4-82dc-1b64374dcfdb;2020-01-03T13:10:00Z;59;59.05;59.05;59;644;
81575098-df8a-45c4-82dc-1b64374dcfdb;2020-01-03T13:12:00Z;59.07;59.08;59.08;59.06;2000;
81575098-df8a-45c4-82dc-1b64374dcfdb;2020-01-03T13:13:00Z;59.09;59.09;59.09;59.09;8;
81575098-df8a-45c4-82dc-1b64374dcfdb;2020-01-03T13:14:00Z;59.09;59.13;59.13;59.09;8;
81575098-df8a-45c4-82dc-1b64374dcfdb;2020-01-03T13:16:00Z;59.12;59.12;59.12;59.12;4;
81575098-df8a-45c4-82dc-1b64374dcfdb;2020-01-03T13:17:00Z;59.13;59.17;59.17;59.13;608;
81575098-df8a-45c4-82dc-1b64374dcfdb;2020-01-03T13:18:00Z;59.17;59.18;59.21;59.13;4072;
81575098-df8a-45c4-82dc-1b64374dcfdb;2020-01-03T13:19:00Z;59.19;59.2;59.21;59.19;168;
81575098-df8a-45c4-82dc-1b64374dcfdb;2020-01-03T13:20:00Z;59.25;59.25;59.25;59.25;24;
81575098-df8a-45c4-82dc-1b64374dcfdb;2020-01-03T13:21:00Z;59.31;59.37;59.37;59.28;176;
81575098-df8a-45c4-82dc-1b64374dcfdb;2020-01-03T13:23:00Z;59.31;59.25;59.36;59.25;224;
81575098-df8a-45c4-82dc-1b64374dcfdb;2020-01-03T13:24:00Z;59.3;59.35;59.36;59.3;760;
81575098-df8a-45c4-82dc-1b64374dcfdb;2020-01-03T13:25:00Z;59.27;59.25;59.27;59.25;2148;
81575098-df8a-45c4-82dc-1b64374dcfdb;2020-01-03T13:26:00Z;59.25;59.25;59.25;59.25;4;
81575098-df8a-45c4-82dc-1b64374dcfdb;2020-01-03T13:27:00Z;59.24;59.22;59.24;59.22;356;
81575098-df8a-45c4-82dc-1b64374dcfdb;2020-01-03T13:28:00Z;59.23;59.2;59.23;59.2;2464;
81575098-df8a-45c4-82dc-1b64374dcfdb;2020-01-03T13:29:00Z;59.18;59.15;59.18;59.12;1008;
81575098-df8a-45c4-82dc-1b64374dcfdb;2020-01-03T13:30:00Z;59.25;59.25;59.25;59.25;4;
81575098-df8a-45c4-82dc-1b64374dcfdb;2020-01-03T13:32:00Z;59.09;59.09;59.09;59.09;320;
81575098-df8a-45c4-82dc-1b64374dcfdb;2020-01-03T13:33:00Z;59.13;59;59.13;58.76;12676;
81575098-df8a-45c4-82dc-1b64374dcfdb;2020-01-03T13:34:00Z;59.09;59.09;59.09;59.09;8;
81575098-df8a-45c4-82dc-1b64374dcfdb;2020-01-03T13:35:00Z;59.09;58.95;59.09;58.95;1304;
81575098-df8a-45c4-82dc-1b64374dcfdb;2020-01-03T13:36:00Z;59;59.06;59.06;59;1040;
81575098-df8a-45c4-82dc-1b64374dcfdb;2020-01-03T13:37:00Z;59.09;59.12;59.12;59.07;868;
81575098-df8a-45c4-82dc-1b64374dcfdb;2020-01-03T13:38:00Z;59.08;59.08;59.08;59.08;2472;
81575098-df8a-45c4-82dc-1b64374dcfdb;2020-01-03T13:39:00Z;59.07;59;59.07;59;400;
81575098-df8a-45c4-82dc-1b64374dcfdb;2020-01-03T13:40:00Z;58.96;58.96;58.96;58.96;400;
81575098-df8a-45c4-82dc-1b64374dcfdb;2020-01-03T13:41:00Z;58.97;59;59;58.97;792;
81575098-df8a-45c4-82dc-1b64374dcfdb;2020-01-03T13:43:00Z;59.03;59.03;59.03;59.03;800;
81575098-df8a-45c4-82dc-1b64374dcfdb;2020-01-03T13:44:00Z;59.04;59.04;59.04;59.04;800;
81575098-df8a-45c4-82dc-1b64374dcfdb;2020-01-03T13:45:00Z;59.03;59.03;59.03;59.03;2072;
81575098-df8a-45c4-82dc-1b64374dcfdb;2020-01-03T13:46:00Z;59;59.04;59.04;59;1432;
81575098-df8a-45c4-82dc-1b64374dcfdb;2020-01-03T13:47:00Z;59.08;59.03;59.08;59.03;1180;
81575098-df8a-45c4-82dc-1b64374dcfdb;2020-01-03T13:49:00Z;59;59;59;59;120;
81575098-df8a-45c4-82dc-1b64374dcfdb;2020-01-03T13:52:00Z;58.98;58.98;58.98;58.98;1368;
81575098-df8a-45c4-82dc-1b64374dcfdb;2020-01-03T13:53:00Z;59.05;59.05;59.05;59.05;208;
81575098-df8a-45c4-82dc-1b64374dcfdb;2020-01-03T13:54:00Z;59.06;59.08;59.08;59.06;212;
81575098-df8a-45c4-82dc-1b64374dcfdb;2020-01-03T13:55:00Z;58.99;59.07;59.07;58.99;140;
81575098-df8a-45c4-82dc-1b64374dcfdb;2020-01-03T13:56:00Z;58.99;58.94;58.99;58.94;3620;
81575098-df8a-45c4-82dc-1b64374dcfdb;2020-01-03T13:57:00Z;59.07;58.97;59.07;58.97;408;
81575098-df8a-45c4-82dc-1b64374dcfdb;2020-01-03T13:58:00Z;58.95;58.97;58.98;58.93;2236;
81575098-df8a-45c4-82dc-1b64374dcfdb;2020-01-03T13:59:00Z;58.95;58.95;58.95;58.95;4;
81575098-df8a-45c4-82dc-1b64374dcfdb;2020-01-03T14:01:00Z;58.99;58.99;58.99;58.99;4;
81575098-df8a-45c4-82dc-1b64374dcfdb;2020-01-03T14:02:00Z;58.99;59;59;58.99;620;
81575098-df8a-45c4-82dc-1b64374dcfdb;2020-01-03T14:03:00Z;59.02;59.03;59.03;59.02;208;
81575098-df8a-45c4-82dc-1b64374dcfdb;2020-01-03T14:04:00Z;59;59.03;59.04;59;2444;
81575098-df8a-45c4-82dc-1b64374dcfdb;2020-01-03T14:05:00Z;59.04;59.03;59.07;59;464;
81575098-df8a-45c4-82dc-1b64374dcfdb;2020-01-03T14:06:00Z;59.03;59.03;59.03;59.03;20;
81575098-df8a-45c4-82dc-1b64374dcfdb;2020-01-03T14:07:00Z;59;59;59;59;8;
81575098-df8a-45c4-82dc-1b64374dcfdb;2020-01-03T14:09:00Z;58.97;59;59;58.97;60;
81575098-df8a-45c4-82dc-1b64374dcfdb;2020-01-03T14:10:00Z;58.98;58.97;58.98;58.97;260;
81575098-df8a-45c4-82dc-1b64374dcfdb;2020-01-03T14:11:00Z;58.97;58.97;58.97;58.96;344;
81575098-df8a-45c4-82dc-1b64374dcfdb;2020-01-03T14:12:00Z;58.97;58.97;58.97;58.97;124;
81575098-df8a-45c4-82dc-1b64374dcfdb;2020-01-03T14:13:00Z;58.97;58.98;58.98;58.97;12;
81575098-df8a-45c4-82dc-1b64374dcfdb;2020-01-03T14:14:00Z;58.93;58.92;58.95;58.91;2932;
81575098-df8a-45c4-82dc-1b64374dcfdb;2020-01-03T14:15:00Z;58.92;58.93;58.93;58.88;312;
81575098-df8a-45c4-82dc-1b64374dcfdb;2020-01-03T14:16:00Z;58.9;58.9;58.9;58.9;668;
81575098-df8a-45c4-82dc-1b64374dcfdb;2020-01-03T14:17:00Z;58.9;58.9;58.9;58.9;76;
81575098-df8a-45c4-82dc-1b64374dcfdb;2020-01-03T14:18:00Z;58.9;58.88;58.9;58.88;12;
81575098-df8a-45c4-82dc-1b64374dcfdb;2020-01-03T14:19:00Z;58.85;58.85;58.88;58.85;1156;
81575098-df8a-45c4-82dc-1b64374dcfdb;2020-01-03T14:20:00Z;58.88;58.88;58.88;58.88;320;
81575098-df8a-45c4-82dc-1b64374dcfdb;2020-01-03T14:21:00Z;58.91;58.78;58.92;58.78;932;
81575098-df8a-45c4-82dc-1b64374dcfdb;2020-01-03T14:22:00Z;58.76;58.86;58.86;58.76;128;
81575098-df8a-45c4-82dc-1b64374dcfdb;2020-01-03T14:23:00Z;58.77;58.75;58.77;58.75;1216;
81575098-df8a-45c4-82dc-1b64374dcfdb;2020-01-03T14:24:00Z;58.84;58.84;58.84;58.84;4;
81575098-df8a-45c4-82dc-1b64374dcfdb;2020-01-03T14:25:00Z;58.76;58.76;58.76;58.76;236;
81575098-df8a-45c4-82dc-1b64374dcfdb;2020-01-03T14:26:00Z;58.75;58.75;58.76;58.75;4016;
81575098-df8a-45c4-82dc-1b64374dcfdb;2020-01-03T14:27:00Z;58.86;58.81;58.86;58.81;204;
81575098-df8a-45c4-82dc-1b64374dcfdb;2020-01-03T14:28:00Z;58.75;58.73;58.75;58.73;4812;
81575098-df8a-45c4-82dc-1b64374dcfdb;2020-01-03T14:29:00Z;58.75;58.78;58.89;58.75;10084;
81575098-df8a-45c4-82dc-1b64374dcfdb;2020-01-03T14:30:00Z;58.8;58.59;58.85;58.53;562056;
81575098-df8a-45c4-82dc-1b64374dcfdb;2020-01-03T14:31:00Z;58.59;58.83;58.84;58.59;48832;
81575098-df8a-45c4-82dc-1b64374dcfdb;2020-01-03T14:32:00Z;58.82;58.84;59.03;58.82;64428;
81575098-df8a-45c4-82dc-1b64374dcfdb;2020-01-03T14:33:00Z;58.9;58.98;59.15;58.9;48652;
81575098-df8a-45c4-82dc-1b64374dcfdb;2020-01-03T14:34:00Z;59.01;58.99;59.07;58.94;23264;
81575098-df8a-45c4-82dc-1b64374dcfdb;2020-01-03T14:35:00Z;59.02;59.12;59.12;58.94;23240;
81575098-df8a-45c4-82dc-1b64374dcfdb;2020-01-03T14:36:00Z;59.11;59.16;59.25;59.11;34508;
81575098-df8a-45c4-82dc-1b64374dcfdb;2020-01-03T14:37:00Z;59.16;59.12;59.2;59.08;30052;
81575098-df8a-45c4-82dc-1b64374dcfdb;2020-01-03T14:38:00Z;59.13;59.21;59.22;59.09;17812;
81575098-df8a-45c4-82dc-1b64374dcfdb;2020-01-03T14:39:00Z;59.23;59.37;59.37;59.21;51408;
81575098-df8a-45c4-82dc-1b64374dcfdb;2020-01-03T14:40:00Z;59.37;59.17;59.37;59.17;24124;
81575098-df8a-45c4-82dc-1b64374dcfdb;2020-01-03T14:41:00Z;59.16;59.16;59.25;59.15;14096;
81575098-df8a-45c4-82dc-1b64374dcfdb;2020-01-03T14:42:00Z;59.18;59.3;59.3;59.18;11080;
81575098-df8a-45c4-82dc-1b64374dcfdb;2020-01-03T14:43:00Z;59.31;59.33;59.34;59.29;15140;
81575098-df8a-45c4-82dc-1b64374dcfdb;2020-01-03T14:44:00Z;59.33;59.25;59.33;59.22;17720;
81575098-df8a-45c4-82dc-1b64374dcfdb;2020-01-03T14:45:00Z;59.25;59.29;59.29;59.18;24288;
81575098-df8a-45c4-82dc-1b64374dcfdb;2020-01-03T14:46:00Z;59.29;59.24;59.31;59.2;15396;
81575098-df8a-45c4-82dc-1b64374dcfdb;2020-01-03T14:47:00Z;59.27;59.21;59.29;59.2;13004;
81575098-df8a-45c4-82dc-1b64374dcfdb;2020-01-03T14:48:00Z;59.2;59.21;59.25;59.13;17320;
81575098-df8a-45c4-82dc-1b64374dcfdb;2020-01-03T14:49:00Z;59.22;59.13;59.26;59.11;21708;
81575098-df8a-45c4-82dc-1b64374dcfdb;2020-01-03T14:50:00Z;59.11;59.18;59.2;59.09;14924;
81575098-df8a-45c4-82dc-1b64374dcfdb;2020-01-03T14:51:00Z;59.19;59.04;59.2;59.04;7580;
81575098-df8a-45c4-82dc-1b64374dcfdb;2020-01-03T14:52:00Z;59.06;59.06;59.06;59;9992;
81575098-df8a-45c4-82dc-1b64374dcfdb;2020-01-03T14:53:00Z;59.05;59.08;59.09;59.02;15632;
81575098-df8a-45c4-82dc-1b64374dcfdb;2020-01-03T14:54:00Z;59.08;59.03;59.09;59.03;9788;
81575098-df8a-45c4-82dc-1b64374dcfdb;2020-01-03T14:55:00Z;59.04;59;59.04;58.97;18156;
81575098-df8a-45c4-82dc-1b64374dcfdb;2020-01-03T14:56:00Z;59.01;59.11;59.11;59;4896;
81575098-df8a-45c4-82dc-1b64374dcfdb;2020-01-03T14:57:00Z;59.12;59.16;59.19;59.12;7020;
81575098-df8a-45c4-82dc-1b64374dcfdb;2020-01-03T14:58:00Z;59.16;59.17;59.17;59.08;7416;
81575098-df8a-45c4-82dc-1b64374dcfdb;2020-01-03T14:59:00Z;59.18;59.15;59.18;59.09;7900;
81575098-df8a-45c4-82dc-1b64374dcfdb;2020-01-03T15:00:00Z;59.14;59.03;59.14;58.97;45624;
81575098-df8a-45c4-82dc-1b64374dcfdb;2020-01-03T15:01:00Z;59.05;59.09;59.13;59.05;14016;
81575098-df8a-45c4-82dc-1b64374dcfdb;2020-01-03T15:02:00Z;59.01;59;59.02;58.94;26132;
81575098-df8a-45c4-82dc-1b64374dcfdb;2020-01-03T15:03:00Z;59;58.91;59.03;58.89;38092;
81575098-df8a-45c4-82dc-1b64374dcfdb;2020-01-03T15:04:00Z;58.93;58.95;58.97;58.92;4632;
81575098-df8a-45c4-82dc-1b64374dcfdb;2020-01-03T15:05:00Z;58.93;59.05;59.05;58.91;14288;
81575098-df8a-45c4-82dc-1b64374dcfdb;2020-01-03T15:06:00Z;59.07;59.05;59.12;59.04;15536;
81575098-df8a-45c4-82dc-1b64374dcfdb;2020-01-03T15:07:00Z;59.06;59.05;59.08;59.04;8248;
81575098-df8a-45c4-82dc-1b64374dcfdb;2020-01-03T15:08:00Z;59.09;59.08;59.09;59.04;19456;
81575098-df8a-45c4-82dc-1b64374dcfdb;2020-01-03T15:09:00Z;59.07;59.16;59.17;59.06;18300;
81575098-df8a-45c4-82dc-1b64374dcfdb;2020-01-03T15:10:00Z;59.17;59.13;59.17;59.11;6244;
81575098-df8a-45c4-82dc-1b64374dcfdb;2020-01-03T15:11:00Z;59.12;59.07;59.13;59.06;8708;
81575098-df8a-45c4-82dc-1b64374dcfdb;2020-01-03T15:12:00Z;59.1;59.13;59.13;59.08;2968;
81575098-df8a-45c4-82dc-1b64374dcfdb;2020-01-03T15:13:00Z;59.15;59.06;59.15;59.06;26108;
81575098-df8a-45c4-82dc-1b64374dcfdb;2020-01-03T15:14:00Z;59.05;59.04;59.05;59.03;5248;
81575098-df8a-45c4-82dc-1b64374dcfdb;2020-01-03T15:15:00Z;59.03;59.06;59.07;59.03;1364;
81575098-df8a-45c4-82dc-1b64374dcfdb;2020-01-03T15:16:00Z;59.09;59.11;59.11;59.08;3884;
81575098-df8a-45c4-82dc-1b64374dcfdb;2020-01-03T15:17:00Z;59.11;59.1;59.11;59.08;4932;
81575098-df8a-45c4-82dc-1b64374dcfdb;2020-01-03T15:18:00Z;59.09;59.13;59.13;59.08;6480;
81575098-df8a-45c4-82dc-1b64374dcfdb;2020-01-03T15:19:00Z;59.13;59.04;59.14;59.04;19136;
81575098-df8a-45c4-82dc-1b64374dcfdb;2020-01-03T15:20:00Z;59.05;58.98;59.08;58.95;26792;
81575098-df8a-45c4-82dc-1b64374dcfdb;2020-01-03T15:21:00Z;58.96;58.99;59.02;58.96;10832;
81575098-df8a-45c4-82dc-1b64374dcfdb;2020-01-03T15:22:00Z;58.99;58.98;58.99;58.95;8160;
81575098-df8a-45c4-82dc-1b64374dcfdb;2020-01-03T15:23:00Z;58.98;59;59.02;58.98;9784;
81575098-df8a-45c4-82dc-1b64374dcfdb;2020-01-03T15:24:00Z;59;59.03;59.03;59;7120;
81575098-df8a-45c4-82dc-1b64374dcfdb;2020-01-03T15:25:00Z;59.02;58.96;59.03;58.96;39856;
81575098-df8a-45c4-82dc-1b64374dcfdb;2020-01-03T15:26:00Z;58.97;58.98;58.99;58.96;4844;
81575098-df8a-45c4-82dc-1b64374dcfdb;2020-01-03T15:27:00Z;58.99;59.03;59.03;58.97;4656;
81575098-df8a-45c4-82dc-1b64374dcfdb;2020-01-03T15:28:00Z;59.04;59.02;59.06;59.02;9400;
81575098-df8a-45c4-82dc-1b64374dcfdb;2020-01-03T15:29:00Z;59.02;59.02;59.04;58.99;4064;
81575098-df8a-45c4-82dc-1b64374dcfdb;2020-01-03T15:30:00Z;59.03;59.06;59.06;59.02;5960;
81575098-df8a-45c4-82dc-1b64374dcfdb;2020-01-03T15:31:00Z;59.06;59.03;59.08;59.01;7820;
81575098-df8a-45c4-82dc-1b64374dcfdb;2020-01-03T15:32:00Z;59;59.04;59.04;58.99;2856;
81575098-df8a-45c4-82dc-1b64374dcfdb;2020-01-03T15:33:00Z;59.04;59.07;59.1;59.03;5580;
81575098-df8a-45c4-82dc-1b64374dcfdb;2020-01-03T15:34:00Z;59.08;59.07;59.1;59.06;3176;
81575098-df8a-45c4-82dc-1b64374dcfdb;2020-01-03T15:35:00Z;59.07;59.01;59.07;59;10212;
81575098-df8a-45c4-82dc-1b64374dcfdb;2020-01-03T15:36:00Z;59;59;59.05;58.98;8676;
81575098-df8a-45c4-82dc-1b64374dcfdb;2020-01-03T15:37:00Z;59;59.01;59.03;58.95;7908;
81575098-df8a-45c4-82dc-1b64374dcfdb;2020-01-03T15:38:00Z;59.02;59.03;59.03;59.02;2148;
81575098-df8a-45c4-82dc-1b64374dcfdb;2020-01-03T15:39:00Z;59.01;59.02;59.03;59;5044;
81575098-df8a-45c4-82dc-1b64374dcfdb;2020-01-03T15:40:00Z;59.04;59.07;59.09;59.03;1788;
81575098-df8a-45c4-82dc-1b64374dcfdb;2020-01-03T15:41:00Z;59.07;59.08;59.1;59.07;4072;
81575098-df8a-45c4-82dc-1b64374dcfdb;2020-01-03T15:42:00Z;59.1;59.18;59.18;59.08;16312;
81575098-df8a-45c4-82dc-1b64374dcfdb;2020-01-03T15:43:00Z;59.18;59.21;59.21;59.17;10556;
81575098-df8a-45c4-82dc-1b64374dcfdb;2020-01-03T15:44:00Z;59.21;59.2;59.22;59.19;13480;
81575098-df8a-45c4-82dc-1b64374dcfdb;2020-01-03T15:45:00Z;59.21;59.19;59.22;59.18;7076;
81575098-df8a-45c4-82dc-1b64374dcfdb;2020-01-03T15:46:00Z;59.19;59.15;59.19;59.15;13780;
81575098-df8a-45c4-82dc-1b64374dcfdb;2020-01-03T15:47:00Z;59.15;59.14;59.16;59.13;3088;
81575098-df8a-45c4-82dc-1b64374dcfdb;2020-01-03T15:48:00Z;59.14;59.08;59.15;59.07;12096;
81575098-df8a-45c4-82dc-1b64374dcfdb;2020-01-03T15:49:00Z;59.09;59.06;59.11;59.06;4068;
81575098-df8a-45c4-82dc-1b64374dcfdb;2020-01-03T15:50:00Z;59.06;59.05;59.06;59.02;14728;
81575098-df8a-45c4-82dc-1b64374dcfdb;2020-01-03T15:51:00Z;59.05;59.03;59.07;59.03;8836;
81575098-df8a-45c4-82dc-1b64374dcfdb;2020-01-03T15:52:00Z;59.02;59.03;59.03;59.02;5584;
81575098-df8a-45c4-82dc-1b64374dcfdb;2020-01-03T15:53:00Z;59.04;59.06;59.07;59.04;1836;
81575098-df8a-45c4-82dc-1b64374dcfdb;2020-01-03T15:54:00Z;59.06;59.07;59.09;59.06;3580;
81575098-df8a-45c4-82dc-1b64374dcfdb;2020-01-03T15:55:00Z;59.07;59.03;59.07;59.02;1844;
81575098-df8a-45c4-82dc-1b64374dcfdb;2020-01-03T15:56:00Z;59.04;59.03;59.06;59.03;4692;
81575098-df8a-45c4-82dc-1b64374dcfdb;2020-01-03T15:57:00Z;59.03;59.07;59.07;59.01;2416;
81575098-df8a-45c4-82dc-1b64374dcfdb;2020-01-03T15:58:00Z;59.07;59.03;59.07;59.03;6536;
81575098-df8a-45c4-82dc-1b64374dcfdb;2020-01-03T15:59:00Z;59.04;59;59.04;58.98;19928;
81575098-df8a-45c4-82dc-1b64374dcfdb;2020-01-03T16:00:00Z;59.02;58.97;59.03;58.97;8920;
81575098-df8a-45c4-82dc-1b64374dcfdb;2020-01-03T16:01:00Z;58.98;58.99;58.99;58.96;4568;
81575098-df8a-45c4-82dc-1b64374dcfdb;2020-01-03T16:02:00Z;58.99;59.01;59.02;58.99;1744;
81575098-df8a-45c4-82dc-1b64374dcfdb;2020-01-03T16:03:00Z;58.99;58.94;58.99;58.94;5240;
81575098-df8a-45c4-82dc-1b64374dcfdb;2020-01-03T16:04:00Z;58.95;58.94;58.95;58.9;8144;
81575098-df8a-45c4-82dc-1b64374dcfdb;2020-01-03T16:05:00Z;58.94;58.91;58.94;58.9;2232;
81575098-df8a-45c4-82dc-1b64374dcfdb;2020-01-03T16:06:00Z;58.92;58.98;58.99;58.92;6320;
81575098-df8a-45c4-82dc-1b64374dcfdb;2020-01-03T16:07:00Z;58.97;58.94;58.97;58.92;4016;
81575098-df8a-45c4-82dc-1b64374dcfdb;2020-01-03T16:08:00Z;58.94;58.93;58.95;58.92;6940;
81575098-df8a-45c4-82dc-1b64374dcfdb;2020-01-03T16:09:00Z;58.93;58.92;58.93;58.91;8664;
81575098-df8a-45c4-82dc-1b64374dcfdb;2020-01-03T16:10:00Z;58.92;58.91;58.92;58.88;33600;
81575098-df8a-45c4-82dc-1b64374dcfdb;2020-01-03T16:11:00Z;58.91;58.91;58.92;58.89;3312;
81575098-df8a-45c4-82dc-1b64374dcfdb;2020-01-03T16:12:00Z;58.93;58.97;58.98;58.93;10868;
81575098-df8a-45c4-82dc-1b64374dcfdb;2020-01-03T16:13:00Z;58.98;59.02;59.02;58.98;12152;
81575098-df8a-45c4-82dc-1b64374dcfdb;2020-01-03T16:14:00Z;59.02;59;59.03;59;6260;
81575098-df8a-45c4-82dc-1b64374dcfdb;2020-01-03T16:15:00Z;59;58.99;59.02;58.96;9928;
81575098-df8a-45c4-82dc-1b64374dcfdb;2020-01-03T16:16:00Z;59;58.98;59;58.97;4500;
81575098-df8a-45c4-82dc-1b64374dcfdb;2020-01-03T16:17:00Z;58.99;59;59.01;58.99;3572;
81575098-df8a-45c4-82dc-1b64374dcfdb;2020-01-03T16:18:00Z;59.01;58.98;59.01;58.97;2560;
81575098-df8a-45c4-82dc-1b64374dcfdb;2020-01-03T16:19:00Z;58.98;58.94;58.98;58.94;8332;
81575098-df8a-45c4-82dc-1b64374dcfdb;2020-01-03T16:20:00Z;58.95;58.97;58.98;58.94;3328;
81575098-df8a-45c4-82dc-1b64374dcfdb;2020-01-03T16:21:00Z;58.97;59.01;59.02;58.97;9316;
81575098-df8a-45c4-82dc-1b64374dcfdb;2020-01-03T16:22:00Z;59.01;59.01;59.03;59;6152;
81575098-df8a-45c4-82dc-1b64374dcfdb;2020-01-03T16:23:00Z;59.02;59.02;59.02;59;3668;
81575098-df8a-45c4-82dc-1b64374dcfdb;2020-01-03T16:24:00Z;59.03;59.01;59.04;59.01;7996;
81575098-df8a-45c4-82dc-1b64374dcfdb;2020-01-03T16:25:00Z;59.02;59.01;59.04;59.01;4412;
81575098-df8a-45c4-82dc-1b64374dcfdb;2020-01-03T16:26:00Z;59.02;58.99;59.02;58.99;1584;
81575098-df8a-45c4-82dc-1b64374dcfdb;2020-01-03T16:27:00Z;59.01;58.99;59.01;58.97;3768;
81575098-df8a-45c4-82dc-1b64374dcfdb;2020-01-03T16:28:00Z;59;59;59.03;59;5648;
81575098-df8a-45c4-82dc-1b64374dcfdb;2020-01-03T16:29:00Z;58.99;59;59;58.95;7740;
81575098-df8a-45c4-82dc-1b64374dcfdb;2020-01-03T16:30:00Z;59;59.02;59.03;58.99;4620;
81575098-df8a-45c4-82dc-1b64374dcfdb;2020-01-03T16:31:00Z;59.03;59.03;59.04;59.02;6068;
81575098-df8a-45c4-82dc-1b64374dcfdb;2020-01-03T16:32:00Z;59.03;59.04;59.05;59.03;2396;
81575098-df8a-45c4-82dc-1b64374dcfdb;2020-01-03T16:33:00Z;59.04;59.03;59.04;59.02;2856;
81575098-df8a-45c4-82dc-1b64374dcfdb;2020-01-03T16:34:00Z;59.04;59.07;59.07;59.04;2628;
81575098-df8a-45c4-82dc-1b64374dcfdb;2020-01-03T16:35:00Z;59.07;59.06;59.07;59.05;3232;
81575098-df8a-45c4-82dc-1b64374dcfdb;2020-01-03T16:36:00Z;59.06;59.09;59.09;59.06;7132;
81575098-df8a-45c4-82dc-1b64374dcfdb;2020-01-03T16:37:00Z;59.09;59.06;59.1;59.05;5592;
81575098-df8a-45c4-82dc-1b64374dcfdb;2020-01-03T16:38:00Z;59.08;59.1;59.1;59.08;7200;
81575098-df8a-45c4-82dc-1b64374dcfdb;2020-01-03T16:39:00Z;59.11;59.12;59.12;59.1;4068;
81575098-df8a-45c4-82dc-1b64374dcfdb;2020-01-03T16:40:00Z;59.11;59.11;59.12;59.1;2972;
81575098-df8a-45c4-82dc-1b64374dcfdb;2020-01-03T16:41:00Z;59.11;59.1;59.11;59.09;2340;
81575098-df8a-45c4-82dc-1b64374dcfdb;2020-01-03T16:42:00Z;59.11;59.1;59.11;59.1;17572;
81575098-df8a-45c4-82dc-1b64374dcfdb;2020-01-03T16:43:00Z;59.09;59.08;59.09;59.06;2224;
81575098-df8a-45c4-82dc-1b64374dcfdb;2020-01-03T16:44:00Z;59.08;59.1;59.11;59.08;2064;
81575098-df8a-45c4-82dc-1b64374dcfdb;2020-01-03T16:45:00Z;59.12;59.11;59.12;59.1;3420;
81575098-df8a-45c4-82dc-1b64374dcfdb;2020-01-03T16:46:00Z;59.11;59.1;59.12;59.1;7456;
81575098-df8a-45c4-82dc-1b64374dcfdb;2020-01-03T16:47:00Z;59.11;59.11;59.12;59.1;2164;
81575098-df8a-45c4-82dc-1b64374dcfdb;2020-01-03T16:48:00Z;59.11;59.11;59.11;59.1;1816;
81575098-df8a-45c4-82dc-1b64374dcfdb;2020-01-03T16:49:00Z;59.1;59.09;59.1;59.08;6280;
81575098-df8a-45c4-82dc-1b64374dcfdb;2020-01-03T16:50:00Z;59.1;59.09;59.11;59.08;4032;
81575098-df8a-45c4-82dc-1b64374dcfdb;2020-01-03T16:51:00Z;59.09;59.11;59.11;59.09;7144;
81575098-df8a-45c4-82dc-1b64374dcfdb;2020-01-03T16:52:00Z;59.11;59.12;59.12;59.11;8788;
81575098-df8a-45c4-82dc-1b64374dcfdb;2020-01-03T16:53:00Z;59.12;59.13;59.14;59.12;25848;
81575098-df8a-45c4-82dc-1b64374dcfdb;2020-01-03T16:54:00Z;59.13;59.15;59.15;59.13;7388;
81575098-df8a-45c4-82dc-1b64374dcfdb;2020-01-03T16:55:00Z;59.15;59.19;59.19;59.15;10624;
81575098-df8a-45c4-82dc-1b64374dcfdb;2020-01-03T16:56:00Z;59.19;59.17;59.19;59.16;12104;
81575098-df8a-45c4-82dc-1b64374dcfdb;2020-01-03T16:57:00Z;59.18;59.14;59.18;59.13;6812;
81575098-df8a-45c4-82dc-1b64374dcfdb;2020-01-03T16:58:00Z;59.15;59.16;59.16;59.14;3372;
81575098-df8a-45c4-82dc-1b64374dcfdb;2020-01-03T16:59:00Z;59.16;59.16;59.17;59.15;3568;
81575098-df8a-45c4-82dc-1b64374dcfdb;2020-01-03T17:00:00Z;59.16;59.21;59.21;59.16;4372;
81575098-df8a-45c4-82dc-1b64374dcfdb;2020-01-03T17:01:00Z;59.21;59.23;59.23;59.2;14568;
81575098-df8a-45c4-82dc-1b64374dcfdb;2020-01-03T17:02:00Z;59.23;59.25;59.25;59.23;17400;
81575098-df8a-45c4-82dc-1b64374dcfdb;2020-01-03T17:03:00Z;59.25;59.23;59.25;59.22;6032;
81575098-df8a-45c4-82dc-1b64374dcfdb;2020-01-03T17:04:00Z;59.23;59.26;59.26;59.23;12840;
81575098-df8a-45c4-82dc-1b64374dcfdb;2020-01-03T17:05:00Z;59.26;59.32;59.35;59.26;28664;
81575098-df8a-45c4-82dc-1b64374dcfdb;2020-01-03T17:06:00Z;59.32;59.37;59.37;59.32;11236;
81575098-df8a-45c4-82dc-1b64374dcfdb;2020-01-03T17:07:00Z;59.36;59.34;59.37;59.34;9532;
81575098-df8a-45c4-82dc-1b64374dcfdb;2020-01-03T17:08:00Z;59.34;59.34;59.35;59.32;36752;
81575098-df8a-45c4-82dc-1b64374dcfdb;2020-01-03T17:09:00Z;59.35;59.34;59.38;59.33;30876;
81575098-df8a-45c4-82dc-1b64374dcfdb;2020-01-03T17:10:00Z;59.34;59.39;59.41;59.34;17192;
81575098-df8a-45c4-82dc-1b64374dcfdb;2020-01-03T17:11:00Z;59.4;59.37;59.4;59.35;23772;
81575098-df8a-45c4-82dc-1b64374dcfdb;2020-01-03T17:12:00Z;59.37;59.37;59.39;59.35;9164;
81575098-df8a-45c4-82dc-1b64374dcfdb;2020-01-03T17:13:00Z;59.38;59.33;59.4;59.32;34536;
81575098-df8a-45c4-82dc-1b64374dcfdb;2020-01-03T17:14:00Z;59.33;59.33;59.36;59.32;13500;
81575098-df8a-45c4-82dc-1b64374dcfdb;2020-01-03T17:15:00Z;59.34;59.3;59.35;59.28;13276;
81575098-df8a-45c4-82dc-1b64374dcfdb;2020-01-03T17:16:00Z;59.3;59.3;59.37;59.3;13464;
81575098-df8a-45c4-82dc-1b64374dcfdb;2020-01-03T17:17:00Z;59.31;59.29;59.31;59.28;11564;
81575098-df8a-45c4-82dc-1b64374dcfdb;2020-01-03T17:18:00Z;59.28;59.28;59.29;59.26;5496;
81575098-df8a-45c4-82dc-1b64374dcfdb;2020-01-03T17:19:00Z;59.28;59.32;59.32;59.28;2496;
81575098-df8a-45c4-82dc-1b64374dcfdb;2020-01-03T17:20:00Z;59.32;59.31;59.35;59.31;2356;
81575098-df8a-45c4-82dc-1b64374dcfdb;2020-01-03T17:21:00Z;59.31;59.31;59.31;59.3;2012;
81575098-df8a-45c4-82dc-1b64374dcfdb;2020-01-03T17:22:00Z;59.32;59.3;59.32;59.3;2280;
81575098-df8a-45c4-82dc-1b64374dcfdb;2020-01-03T17:23:00Z;59.31;59.32;59.32;59.31;1320;
81575098-df8a-45c4-82dc-1b64374dcfdb;2020-01-03T17:24:00Z;59.31;59.31;59.32;59.3;2136;
81575098-df8a-45c4-82dc-1b64374dcfdb;2020-01-03T17:25:00Z;59.31;59.32;59.32;59.31;2548;
81575098-df8a-45c4-82dc-1b64374dcfdb;2020-01-03T17:26:00Z;59.32;59.34;59.35;59.32;5456;
81575098-df8a-45c4-82dc-1b64374dcfdb;2020-01-03T17:27:00Z;59.35;59.32;59.35;59.32;1852;
81575098-df8a-45c4-82dc-1b64374dcfdb;2020-01-03T17:28:00Z;59.32;59.31;59.32;59.3;3896;
81575098-df8a-45c4-82dc-1b64374dcfdb;2020-01-03T17:29:00Z;59.31;59.3;59.34;59.3;6456;
81575098-df8a-45c4-82dc-1b64374dcfdb;2020-01-03T17:30:00Z;59.3;59.3;59.31;59.28;3432;
81575098-df8a-45c4-82dc-1b64374dcfdb;2020-01-03T17:31:00Z;59.3;59.3;59.31;59.3;5864;
81575098-df8a-45c4-82dc-1b64374dcfdb;2020-01-03T17:32:00Z;59.3;59.3;59.31;59.3;2000;
81575098-df8a-45c4-82dc-1b64374dcfdb;2020-01-03T17:33:00Z;59.3;59.36;59.36;59.3;8468;
81575098-df8a-45c4-82dc-1b64374dcfdb;2020-01-03T17:34:00Z;59.35;59.32;59.35;59.32;2252;
81575098-df8a-45c4-82dc-1b64374dcfdb;2020-01-03T17:35:00Z;59.33;59.33;59.34;59.33;4516;
81575098-df8a-45c4-82dc-1b64374dcfdb;2020-01-03T17:36:00Z;59.33;59.32;59.33;59.32;3068;
81575098-df8a-45c4-82dc-1b64374dcfdb;2020-01-03T17:37:00Z;59.33;59.34;59.34;59.33;1880;
81575098-df8a-45c4-82dc-1b64374dcfdb;2020-01-03T17:38:00Z;59.37;59.38;59.39;59.37;5552;
81575098-df8a-45c4-82dc-1b64374dcfdb;2020-01-03T17:39:00Z;59.38;59.38;59.39;59.38;4156;
81575098-df8a-45c4-82dc-1b64374dcfdb;2020-01-03T17:40:00Z;59.37;59.41;59.43;59.37;14312;
81575098-df8a-45c4-82dc-1b64374dcfdb;2020-01-03T17:41:00Z;59.43;59.41;59.45;59.4;6324;
81575098-df8a-45c4-82dc-1b64374dcfdb;2020-01-03T17:42:00Z;59.41;59.41;59.42;59.4;7800;
81575098-df8a-45c4-82dc-1b64374dcfdb;2020-01-03T17:43:00Z;59.41;59.38;59.42;59.38;3540;
81575098-df8a-45c4-82dc-1b64374dcfdb;2020-01-03T17:44:00Z;59.4;59.42;59.43;59.4;300;
81575098-df8a-45c4-82dc-1b64374dcfdb;2020-01-03T17:45:00Z;59.43;59.41;59.45;59.4;9204;
81575098-df8a-45c4-82dc-1b64374dcfdb;2020-01-03T17:46:00Z;59.39;59.41;59.41;59.39;2876;
81575098-df8a-45c4-82dc-1b64374dcfdb;2020-01-03T17:47:00Z;59.4;59.39;59.41;59.39;2896;
81575098-df8a-45c4-82dc-1b64374dcfdb;2020-01-03T17:48:00Z;59.39;59.39;59.4;59.36;8044;
81575098-df8a-45c4-82dc-1b64374dcfdb;2020-01-03T17:49:00Z;59.39;59.39;59.39;59.38;2240;
81575098-df8a-45c4-82dc-1b64374dcfdb;2020-01-03T17:50:00Z;59.39;59.42;59.42;59.39;3756;
81575098-df8a-45c4-82dc-1b64374dcfdb;2020-01-03T17:51:00Z;59.42;59.42;59.44;59.42;2832;
81575098-df8a-45c4-82dc-1b64374dcfdb;2020-01-03T17:52:00Z;59.42;59.4;59.42;59.39;7000;
81575098-df8a-45c4-82dc-1b64374dcfdb;2020-01-03T17:53:00Z;59.4;59.41;59.41;59.4;2972;
81575098-df8a-45c4-82dc-1b64374dcfdb;2020-01-03T17:54:00Z;59.41;59.41;59.42;59.4;3260;
81575098-df8a-45c4-82dc-1b64374dcfdb;2020-01-03T17:55:00Z;59.41;59.36;59.41;59.34;6592;
81575098-df8a-45c4-82dc-1b64374dcfdb;2020-01-03T17:56:00Z;59.37;59.39;59.39;59.37;2240;
81575098-df8a-45c4-82dc-1b64374dcfdb;2020-01-03T17:57:00Z;59.39;59.38;59.39;59.37;3856;
81575098-df8a-45c4-82dc-1b64374dcfdb;2020-01-03T17:58:00Z;59.38;59.36;59.38;59.35;2048;
81575098-df8a-45c4-82dc-1b64374dcfdb;2020-01-03T17:59:00Z;59.37;59.37;59.37;59.37;1796;
81575098-df8a-45c4-82dc-1b64374dcfdb;2020-01-03T18:00:00Z;59.36;59.36;59.38;59.36;2172;
81575098-df8a-45c4-82dc-1b64374dcfdb;2020-01-03T18:01:00Z;59.36;59.37;59.37;59.36;428;
81575098-df8a-45c4-82dc-1b64374dcfdb;2020-01-03T18:02:00Z;59.37;59.4;59.4;59.37;5712;
81575098-df8a-45c4-82dc-1b64374dcfdb;2020-01-03T18:03:00Z;59.41;59.38;59.41;59.38;1808;
81575098-df8a-45c4-82dc-1b64374dcfdb;2020-01-03T18:04:00Z;59.37;59.34;59.37;59.33;2924;
81575098-df8a-45c4-82dc-1b64374dcfdb;2020-01-03T18:05:00Z;59.34;59.35;59.37;59.34;3504;
81575098-df8a-45c4-82dc-1b64374dcfdb;2020-01-03T18:06:00Z;59.35;59.36;59.36;59.35;3576;
81575098-df8a-45c4-82dc-1b64374dcfdb;2020-01-03T18:07:00Z;59.34;59.35;59.35;59.34;2080;
81575098-df8a-45c4-82dc-1b64374dcfdb;2020-01-03T18:08:00Z;59.35;59.31;59.35;59.3;3756;
81575098-df8a-45c4-82dc-1b64374dcfdb;2020-01-03T18:09:00Z;59.3;59.32;59.32;59.3;3844;
81575098-df8a-45c4-82dc-1b64374dcfdb;2020-01-03T18:10:00Z;59.31;59.3;59.31;59.29;1244;
81575098-df8a-45c4-82dc-1b64374dcfdb;2020-01-03T18:11:00Z;59.3;59.29;59.3;59.28;3208;
81575098-df8a-45c4-82dc-1b64374dcfdb;2020-01-03T18:12:00Z;59.3;59.29;59.3;59.29;1864;
81575098-df8a-45c4-82dc-1b64374dcfdb;2020-01-03T18:13:00Z;59.29;59.26;59.29;59.26;4024;
81575098-df8a-45c4-82dc-1b64374dcfdb;2020-01-03T18:14:00Z;59.27;59.26;59.28;59.26;3136;
81575098-df8a-45c4-82dc-1b64374dcfdb;2020-01-03T18:15:00Z;59.26;59.24;59.26;59.23;9220;
81575098-df8a-45c4-82dc-1b64374dcfdb;2020-01-03T18:16:00Z;59.23;59.22;59.23;59.21;7468;
81575098-df8a-45c4-82dc-1b64374dcfdb;2020-01-03T18:17:00Z;59.23;59.22;59.23;59.21;3872;
81575098-df8a-45c4-82dc-1b64374dcfdb;2020-01-03T18:18:00Z;59.22;59.21;59.22;59.2;7192;
81575098-df8a-45c4-82dc-1b64374dcfdb;2020-01-03T18:19:00Z;59.22;59.17;59.22;59.17;6540;
81575098-df8a-45c4-82dc-1b64374dcfdb;2020-01-03T18:20:00Z;59.17;59.21;59.21;59.16;1728;
81575098-df8a-45c4-82dc-1b64374dcfdb;2020-01-03T18:21:00Z;59.22;59.2;59.23;59.2;3716;
81575098-df8a-45c4-82dc-1b64374dcfdb;2020-01-03T18:22:00Z;59.21;59.22;59.22;59.2;1392;
81575098-df8a-45c4-82dc-1b64374dcfdb;2020-01-03T18:23:00Z;59.23;59.25;59.26;59.23;7008;
81575098-df8a-45c4-82dc-1b64374dcfdb;2020-01-03T18:24:00Z;59.24;59.23;59.24;59.23;352;
81575098-df8a-45c4-82dc-1b64374dcfdb;2020-01-03T18:25:00Z;59.23;59.25;59.27;59.23;14228;
81575098-df8a-45c4-82dc-1b64374dcfdb;2020-01-03T18:26:00Z;59.26;59.26;59.27;59.25;2628;
81575098-df8a-45c4-82dc-1b64374dcfdb;2020-01-03T18:27:00Z;59.26;59.3;59.3;59.26;9612;
81575098-df8a-45c4-82dc-1b64374dcfdb;2020-01-03T18:28:00Z;59.3;59.29;59.31;59.29;6180;
81575098-df8a-45c4-82dc-1b64374dcfdb;2020-01-03T18:29:00Z;59.3;59.28;59.3;59.28;3840;
81575098-df8a-45c4-82dc-1b64374dcfdb;2020-01-03T18:30:00Z;59.27;59.3;59.3;59.27;1524;
81575098-df8a-45c4-82dc-1b64374dcfdb;2020-01-03T18:31:00Z;59.3;59.29;59.31;59.29;1768;
81575098-df8a-45c4-82dc-1b64374dcfdb;2020-01-03T18:32:00Z;59.3;59.3;59.31;59.29;1224;
81575098-df8a-45c4-82dc-1b64374dcfdb;2020-01-03T18:33:00Z;59.29;59.22;59.3;59.21;9952;
81575098-df8a-45c4-82dc-1b64374dcfdb;2020-01-03T18:34:00Z;59.24;59.22;59.25;59.22;13640;
81575098-df8a-45c4-82dc-1b64374dcfdb;2020-01-03T18:35:00Z;59.23;59.22;59.23;59.2;8232;
81575098-df8a-45c4-82dc-1b64374dcfdb;2020-01-03T18:36:00Z;59.21;59.14;59.22;59.14;6332;
81575098-df8a-45c4-82dc-1b64374dcfdb;2020-01-03T18:37:00Z;59.14;59.07;59.14;59.04;26504;
81575098-df8a-45c4-82dc-1b64374dcfdb;2020-01-03T18:38:00Z;59.03;59.06;59.1;59.03;8472;
81575098-df8a-45c4-82dc-1b64374dcfdb;2020-01-03T18:39:00Z;59.11;59.16;59.16;59.08;12952;
81575098-df8a-45c4-82dc-1b64374dcfdb;2020-01-03T18:40:00Z;59.18;59.17;59.24;59.16;8416;
81575098-df8a-45c4-82dc-1b64374dcfdb;2020-01-03T18:41:00Z;59.16;59.16;59.19;59.14;3000;
81575098-df8a-45c4-82dc-1b64374dcfdb;2020-01-03T18:42:00Z;59.16;59.17;59.18;59.14;3700;
81575098-df8a-45c4-82dc-1b64374dcfdb;2020-01-03T18:43:00Z;59.16;59.18;59.18;59.14;1972;
81575098-df8a-45c4-82dc-1b64374dcfdb;2020-01-03T18:44:00Z;59.19;59.19;59.23;59.19;5568;
81575098-df8a-45c4-82dc-1b64374dcfdb;2020-01-03T18:45:00Z;59.18;59.22;59.24;59.18;3968;
81575098-df8a-45c4-82dc-1b64374dcfdb;2020-01-03T18:46:00Z;59.21;59.23;59.23;59.19;4000;
81575098-df8a-45c4-82dc-1b64374dcfdb;2020-01-03T18:47:00Z;59.22;59.23;59.23;59.21;752;
81575098-df8a-45c4-82dc-1b64374dcfdb;2020-01-03T18:48:00Z;59.23;59.26;59.26;59.23;9132;
81575098-df8a-45c4-82dc-1b64374dcfdb;2020-01-03T18:49:00Z;59.25;59.25;59.26;59.25;2172;
81575098-df8a-45c4-82dc-1b64374dcfdb;2020-01-03T18:50:00Z;59.25;59.22;59.25;59.22;1996;
81575098-df8a-45c4-82dc-1b64374dcfdb;2020-01-03T18:51:00Z;59.23;59.22;59.23;59.2;2068;
81575098-df8a-45c4-82dc-1b64374dcfdb;2020-01-03T18:52:00Z;59.22;59.26;59.27;59.21;5164;
81575098-df8a-45c4-82dc-1b64374dcfdb;2020-01-03T18:53:00Z;59.27;59.21;59.27;59.21;10704;
81575098-df8a-45c4-82dc-1b64374dcfdb;2020-01-03T18:54:00Z;59.2;59.19;59.22;59.17;8400;
81575098-df8a-45c4-82dc-1b64374dcfdb;2020-01-03T18:55:00Z;59.2;59.19;59.21;59.19;2280;
81575098-df8a-45c4-82dc-1b64374dcfdb;2020-01-03T18:56:00Z;59.2;59.24;59.24;59.2;3380;
81575098-df8a-45c4-82dc-1b64374dcfdb;2020-01-03T18:57:00Z;59.25;59.22;59.25;59.22;2308;
81575098-df8a-45c4-82dc-1b64374dcfdb;2020-01-03T18:58:00Z;59.23;59.22;59.23;59.22;628;
81575098-df8a-45c4-82dc-1b64374dcfdb;2020-01-03T18:59:00Z;59.2;59.22;59.24;59.2;1876;
81575098-df8a-45c4-82dc-1b64374dcfdb;2020-01-03T19:00:00Z;59.21;59.25;59.25;59.21;4388;
81575098-df8a-45c4-82dc-1b64374dcfdb;2020-01-03T19:01:00Z;59.24;59.25;59.26;59.24;964;
81575098-df8a-45c4-82dc-1b64374dcfdb;2020-01-03T19:02:00Z;59.23;59.2;59.23;59.18;3644;
81575098-df8a-45c4-82dc-1b64374dcfdb;2020-01-03T19:03:00Z;59.19;59.16;59.22;59.16;4152;
81575098-df8a-45c4-82dc-1b64374dcfdb;2020-01-03T19:04:00Z;59.18;59.15;59.18;59.12;9248;
81575098-df8a-45c4-82dc-1b64374dcfdb;2020-01-03T19:05:00Z;59.17;59.14;59.17;59.13;1880;
81575098-df8a-45c4-82dc-1b64374dcfdb;2020-01-03T19:06:00Z;59.14;59.16;59.16;59.14;3156;
81575098-df8a-45c4-82dc-1b64374dcfdb;2020-01-03T19:07:00Z;59.16;59.14;59.16;59.14;1160;
81575098-df8a-45c4-82dc-1b64374dcfdb;2020-01-03T19:08:00Z;59.13;59.07;59.14;59.06;9800;
81575098-df8a-45c4-82dc-1b64374dcfdb;2020-01-03T19:09:00Z;59.09;59.08;59.11;59.07;6408;
81575098-df8a-45c4-82dc-1b64374dcfdb;2020-01-03T19:10:00Z;59.06;59.11;59.11;59.06;3588;
81575098-df8a-45c4-82dc-1b64374dcfdb;2020-01-03T19:11:00Z;59.12;59.12;59.12;59.09;3668;
81575098-df8a-45c4-82dc-1b64374dcfdb;2020-01-03T19:12:00Z;59.11;59.1;59.12;59.1;2000;
81575098-df8a-45c4-82dc-1b64374dcfdb;2020-01-03T19:13:00Z;59.09;59.08;59.09;59.05;3104;
81575098-df8a-45c4-82dc-1b64374dcfdb;2020-01-03T19:14:00Z;59.08;59.07;59.09;59.07;3124;
81575098-df8a-45c4-82dc-1b64374dcfdb;2020-01-03T19:15:00Z;59.05;59.07;59.07;59.04;2264;
81575098-df8a-45c4-82dc-1b64374dcfdb;2020-01-03T19:16:00Z;59.08;59.1;59.11;59.08;3504;
81575098-df8a-45c4-82dc-1b64374dcfdb;2020-01-03T19:17:00Z;59.11;59.11;59.15;59.11;7440;
81575098-df8a-45c4-82dc-1b64374dcfdb;2020-01-03T19:18:00Z;59.1;59.11;59.12;59.1;3744;
81575098-df8a-45c4-82dc-1b64374dcfdb;2020-01-03T19:19:00Z;59.12;59.08;59.12;59.08;2224;
81575098-df8a-45c4-82dc-1b64374dcfdb;2020-01-03T19:20:00Z;59.08;59.07;59.1;59.07;6888;
81575098-df8a-45c4-82dc-1b64374dcfdb;2020-01-03T19:21:00Z;59.08;59.1;59.11;59.05;6428;
81575098-df8a-45c4-82dc-1b64374dcfdb;2020-01-03T19:22:00Z;59.08;59.09;59.09;59.07;1672;
81575098-df8a-45c4-82dc-1b64374dcfdb;2020-01-03T19:23:00Z;59.08;59.05;59.08;59.04;4712;
81575098-df8a-45c4-82dc-1b64374dcfdb;2020-01-03T19:24:00Z;59.04;59.05;59.05;59.02;3144;
81575098-df8a-45c4-82dc-1b64374dcfdb;2020-01-03T19:25:00Z;59.04;59.01;59.04;59.01;3228;
81575098-df8a-45c4-82dc-1b64374dcfdb;2020-01-03T19:26:00Z;59.01;59.02;59.02;58.99;9796;
81575098-df8a-45c4-82dc-1b64374dcfdb;2020-01-03T19:27:00Z;59.01;59.02;59.04;59;3668;
81575098-df8a-45c4-82dc-1b64374dcfdb;2020-01-03T19:28:00Z;59.01;59.04;59.04;59.01;5124;
81575098-df8a-45c4-82dc-1b64374dcfdb;2020-01-03T19:29:00Z;59.04;59.08;59.08;59.03;6060;
81575098-df8a-45c4-82dc-1b64374dcfdb;2020-01-03T19:30:00Z;59.07;59.06;59.08;59.05;716;
81575098-df8a-45c4-82dc-1b64374dcfdb;2020-01-03T19:31:00Z;59.06;59.05;59.07;59.05;4804;
81575098-df8a-45c4-82dc-1b64374dcfdb;2020-01-03T19:32:00Z;59.06;59.06;59.07;59.05;3832;
81575098-df8a-45c4-82dc-1b64374dcfdb;2020-01-03T19:33:00Z;59.08;59.07;59.08;59.06;2028;
81575098-df8a-45c4-82dc-1b64374dcfdb;2020-01-03T19:34:00Z;59.09;59.07;59.1;59.06;5336;
81575098-df8a-45c4-82dc-1b64374dcfdb;2020-01-03T19:35:00Z;59.07;59.07;59.08;59.06;2244;
81575098-df8a-45c4-82dc-1b64374dcfdb;2020-01-03T19:36:00Z;59.09;59.14;59.15;59.09;7400;
81575098-df8a-45c4-82dc-1b64374dcfdb;2020-01-03T19:37:00Z;59.15;59.14;59.16;59.14;2272;
81575098-df8a-45c4-82dc-1b64374dcfdb;2020-01-03T19:38:00Z;59.14;59.14;59.16;59.12;3168;
81575098-df8a-45c4-82dc-1b64374dcfdb;2020-01-03T19:39:00Z;59.16;59.14;59.16;59.14;2528;
81575098-df8a-45c4-82dc-1b64374dcfdb;2020-01-03T19:40:00Z;59.13;59.12;59.13;59.1;2732;
81575098-df8a-45c4-82dc-1b64374dcfdb;2020-01-03T19:41:00Z;59.12;59.11;59.12;59.11;1732;
81575098-df8a-45c4-82dc-1b64374dcfdb;2020-01-03T19:42:00Z;59.11;59.08;59.11;59.08;2612;
81575098-df8a-45c4-82dc-1b64374dcfdb;2020-01-03T19:43:00Z;59.08;59.09;59.09;59.07;2344;
81575098-df8a-45c4-82dc-1b64374dcfdb;2020-01-03T19:44:00Z;59.08;59.08;59.08;59.05;4404;
81575098-df8a-45c4-82dc-1b64374dcfdb;2020-01-03T19:45:00Z;59.08;59.07;59.08;59.07;1676;
81575098-df8a-45c4-82dc-1b64374dcfdb;2020-01-03T19:46:00Z;59.07;59.06;59.07;59.06;1080;
81575098-df8a-45c4-82dc-1b64374dcfdb;2020-01-03T19:47:00Z;59.06;59.06;59.06;59.04;2872;
81575098-df8a-45c4-82dc-1b64374dcfdb;2020-01-03T19:48:00Z;59.06;59.08;59.08;59.06;6692;
81575098-df8a-45c4-82dc-1b64374dcfdb;2020-01-03T19:49:00Z;59.08;59.09;59.09;59.07;2784;
81575098-df8a-45c4-82dc-1b64374dcfdb;2020-01-03T19:50:00Z;59.09;59.11;59.11;59.09;2432;
81575098-df8a-45c4-82dc-1b64374dcfdb;2020-01-03T19:51:00Z;59.11;59.12;59.13;59.1;3208;
81575098-df8a-45c4-82dc-1b64374dcfdb;2020-01-03T19:52:00Z;59.13;59.13;59.14;59.13;2444;
81575098-df8a-45c4-82dc-1b64374dcfdb;2020-01-03T19:53:00Z;59.13;59.11;59.14;59.11;3096;
81575098-df8a-45c4-82dc-1b64374dcfdb;2020-01-03T19:54:00Z;59.11;59.12;59.13;59.11;2440;
81575098-df8a-45c4-82dc-1b64374dcfdb;2020-01-03T19:55:00Z;59.11;59.14;59.15;59.11;3600;
81575098-df8a-45c4-82dc-1b64374dcfdb;2020-01-03T19:56:00Z;59.15;59.16;59.17;59.15;2612;
81575098-df8a-45c4-82dc-1b64374dcfdb;2020-01-03T19:57:00Z;59.17;59.19;59.19;59.17;4544;
81575098-df8a-45c4-82dc-1b64374dcfdb;2020-01-03T19:58:00Z;59.19;59.18;59.2;59.17;1848;
81575098-df8a-45c4-82dc-1b64374dcfdb;2020-01-03T19:59:00Z;59.18;59.15;59.18;59.15;6788;
81575098-df8a-45c4-82dc-1b64374dcfdb;2020-01-03T20:00:00Z;59.17;59.17;59.18;59.17;1000;
81575098-df8a-45c4-82dc-1b64374dcfdb;2020-01-03T20:01:00Z;59.17;59.21;59.22;59.16;11116;
81575098-df8a-45c4-82dc-1b64374dcfdb;2020-01-03T20:02:00Z;59.21;59.24;59.25;59.21;15100;
81575098-df8a-45c4-82dc-1b64374dcfdb;2020-01-03T20:03:00Z;59.23;59.26;59.26;59.22;11044;
81575098-df8a-45c4-82dc-1b64374dcfdb;2020-01-03T20:04:00Z;59.26;59.23;59.27;59.23;2032;
81575098-df8a-45c4-82dc-1b64374dcfdb;2020-01-03T20:05:00Z;59.23;59.24;59.24;59.22;2464;
81575098-df8a-45c4-82dc-1b64374dcfdb;2020-01-03T20:06:00Z;59.24;59.23;59.24;59.23;3184;
81575098-df8a-45c4-82dc-1b64374dcfdb;2020-01-03T20:07:00Z;59.25;59.24;59.26;59.24;3548;
81575098-df8a-45c4-82dc-1b64374dcfdb;2020-01-03T20:08:00Z;59.24;59.24;59.25;59.24;2728;
81575098-df8a-45c4-82dc-1b64374dcfdb;2020-01-03T20:09:00Z;59.23;59.24;59.24;59.23;5696;
81575098-df8a-45c4-82dc-1b64374dcfdb;2020-01-03T20:10:00Z;59.24;59.22;59.24;59.2;13408;
81575098-df8a-45c4-82dc-1b64374dcfdb;2020-01-03T20:11:00Z;59.22;59.24;59.25;59.22;8728;
81575098-df8a-45c4-82dc-1b64374dcfdb;2020-01-03T20:12:00Z;59.24;59.23;59.24;59.23;4260;
81575098-df8a-45c4-82dc-1b64374dcfdb;2020-01-03T20:13:00Z;59.23;59.23;59.24;59.23;9164;
81575098-df8a-45c4-82dc-1b64374dcfdb;2020-01-03T20:14:00Z;59.21;59.2;59.22;59.2;8840;
81575098-df8a-45c4-82dc-1b64374dcfdb;2020-01-03T20:15:00Z;59.19;59.21;59.21;59.19;3616;
81575098-df8a-45c4-82dc-1b64374dcfdb;2020-01-03T20:16:00Z;59.21;59.18;59.21;59.18;9224;
81575098-df8a-45c4-82dc-1b64374dcfdb;2020-01-03T20:17:00Z;59.17;59.22;59.22;59.17;3988;
81575098-df8a-45c4-82dc-1b64374dcfdb;2020-01-03T20:18:00Z;59.21;59.24;59.24;59.2;4788;
81575098-df8a-45c4-82dc-1b64374dcfdb;2020-01-03T20:19:00Z;59.23;59.24;59.24;59.22;4464;
81575098-df8a-45c4-82dc-1b64374dcfdb;2020-01-03T20:20:00Z;59.22;59.27;59.27;59.22;36668;
81575098-df8a-45c4-82dc-1b64374dcfdb;2020-01-03T20:21:00Z;59.27;59.22;59.27;59.21;19292;
81575098-df8a-45c4-82dc-1b64374dcfdb;2020-01-03T20:22:00Z;59.24;59.22;59.25;59.22;7288;
81575098-df8a-45c4-82dc-1b64374dcfdb;2020-01-03T20:23:00Z;59.22;59.2;59.22;59.2;9412;
81575098-df8a-45c4-82dc-1b64374dcfdb;2020-01-03T20:24:00Z;59.2;59.19;59.2;59.18;4168;
81575098-df8a-45c4-82dc-1b64374dcfdb;2020-01-03T20:25:00Z;59.2;59.2;59.21;59.19;2004;
81575098-df8a-45c4-82dc-1b64374dcfdb;2020-01-03T20:26:00Z;59.2;59.18;59.2;59.18;5852;
81575098-df8a-45c4-82dc-1b64374dcfdb;2020-01-03T20:27:00Z;59.17;59.17;59.18;59.17;3064;
81575098-df8a-45c4-82dc-1b64374dcfdb;2020-01-03T20:28:00Z;59.16;59.15;59.17;59.15;2136;
81575098-df8a-45c4-82dc-1b64374dcfdb;2020-01-03T20:29:00Z;59.15;59.17;59.17;59.15;4824;
81575098-df8a-45c4-82dc-1b64374dcfdb;2020-01-03T20:30:00Z;59.16;59.15;59.18;59.15;7176;
81575098-df8a-45c4-82dc-1b64374dcfdb;2020-01-03T20:31:00Z;59.16;59.09;59.16;59.09;10548;
81575098-df8a-45c4-82dc-1b64374dcfdb;2020-01-03T20:32:00Z;59.1;59.12;59.12;59.1;4040;
81575098-df8a-45c4-82dc-1b64374dcfdb;2020-01-03T20:33:00Z;59.11;59.15;59.15;59.11;2188;
81575098-df8a-45c4-82dc-1b64374dcfdb;2020-01-03T20:34:00Z;59.14;59.12;59.14;59.12;7080;
81575098-df8a-45c4-82dc-1b64374dcfdb;2020-01-03T20:35:00Z;59.11;59.14;59.14;59.1;3256;
81575098-df8a-45c4-82dc-1b64374dcfdb;2020-01-03T20:36:00Z;59.14;59.15;59.15;59.13;4544;
81575098-df8a-45c4-82dc-1b64374dcfdb;2020-01-03T20:37:00Z;59.14;59.14;59.14;59.13;1216;
81575098-df8a-45c4-82dc-1b64374dcfdb;2020-01-03T20:38:00Z;59.13;59.13;59.14;59.12;6148;
81575098-df8a-45c4-82dc-1b64374dcfdb;2020-01-03T20:39:00Z;59.13;59.14;59.14;59.1;12328;
81575098-df8a-45c4-82dc-1b64374dcfdb;2020-01-03T20:40:00Z;59.14;59.17;59.17;59.14;5920;
81575098-df8a-45c4-82dc-1b64374dcfdb;2020-01-03T20:41:00Z;59.16;59.18;59.19;59.16;14828;
81575098-df8a-45c4-82dc-1b64374dcfdb;2020-01-03T20:42:00Z;59.17;59.2;59.2;59.17;12960;
81575098-df8a-45c4-82dc-1b64374dcfdb;2020-01-03T20:43:00Z;59.19;59.19;59.2;59.17;20988;
81575098-df8a-45c4-82dc-1b64374dcfdb;2020-01-03T20:44:00Z;59.19;59.21;59.21;59.18;12820;
81575098-df8a-45c4-82dc-1b64374dcfdb;2020-01-03T20:45:00Z;59.21;59.2;59.21;59.19;14036;
81575098-df8a-45c4-82dc-1b64374dcfdb;2020-01-03T20:46:00Z;59.2;59.18;59.2;59.18;18552;
81575098-df8a-45c4-82dc-1b64374dcfdb;2020-01-03T20:47:00Z;59.18;59.18;59.19;59.15;12176;
81575098-df8a-45c4-82dc-1b64374dcfdb;2020-01-03T20:48:00Z;59.17;59.16;59.18;59.16;22912;
81575098-df8a-45c4-82dc-1b64374dcfdb;2020-01-03T20:49:00Z;59.16;59.2;59.21;59.16;17324;
81575098-df8a-45c4-82dc-1b64374dcfdb;2020-01-03T20:50:00Z;59.2;59.22;59.22;59.16;37064;
81575098-df8a-45c4-82dc-1b64374dcfdb;2020-01-03T20:51:00Z;59.22;59.2;59.22;59.18;27604;
81575098-df8a-45c4-82dc-1b64374dcfdb;2020-01-03T20:52:00Z;59.19;59.2;59.21;59.19;17760;
81575098-df8a-45c4-82dc-1b64374dcfdb;2020-01-03T20:53:00Z;59.2;59.16;59.21;59.15;14920;
81575098-df8a-45c4-82dc-1b64374dcfdb;2020-01-03T20:54:00Z;59.16;59.08;59.17;59.08;39344;
81575098-df8a-45c4-82dc-1b64374dcfdb;2020-01-03T20:55:00Z;59.08;59.11;59.13;59.06;31420;
81575098-df8a-45c4-82dc-1b64374dcfdb;2020-01-03T20:56:00Z;59.11;59.09;59.11;59.08;30856;
81575098-df8a-45c4-82dc-1b64374dcfdb;2020-01-03T20:57:00Z;59.08;59.06;59.08;59.04;65360;
81575098-df8a-45c4-82dc-1b64374dcfdb;2020-01-03T20:58:00Z;59.06;59.03;59.06;59.01;113668;
81575098-df8a-45c4-82dc-1b64374dcfdb;2020-01-03T20:59:00Z;59.03;59.02;59.1;59.01;158748;
81575098-df8a-45c4-82dc-1b64374dcfdb;2020-01-03T21:00:00Z;59.02;59.02;59.02;59.01;975056;
81575098-df8a-45c4-82dc-1b64374dcfdb;2020-01-03T21:07:00Z;59.02;59.02;59.02;59.02;140;
81575098-df8a-45c4-82dc-1b64374dcfdb;2020-01-03T21:08:00Z;59.02;59.02;59.02;59.02;400;
81575098-df8a-45c4-82dc-1b64374dcfdb;2020-01-03T21:10:00Z;59.02;59.02;59.02;59.02;36;
81575098-df8a-45c4-82dc-1b64374dcfdb;2020-01-03T21:11:00Z;59.05;59.05;59.05;59.05;824;
81575098-df8a-45c4-82dc-1b64374dcfdb;2020-01-03T21:32:00Z;59;59;59;59;200;
81575098-df8a-45c4-82dc-1b64374dcfdb;2020-01-03T21:34:00Z;59;59;59;59;1436;
81575098-df8a-45c4-82dc-1b64374dcfdb;2020-01-03T21:35:00Z;59;59;59;59;136;
81575098-df8a-45c4-82dc-1b64374dcfdb;2020-01-03T21:37:00Z;59;59;59;59;264;
81575098-df8a-45c4-82dc-1b64374dcfdb;2020-01-03T21:42:00Z;59.01;59.01;59.01;59.01;200;
81575098-df8a-45c4-82dc-1b64374dcfdb;2020-01-03T21:45:00Z;59;59;59;59;8;
81575098-df8a-45c4-82dc-1b64374dcfdb;2020-01-03T21:51:00Z;59.06;59.06;59.06;59.06;8;
81575098-df8a-45c4-82dc-1b64374dcfdb;2020-01-03T21:56:00Z;58.97;58.97;58.97;58.97;244;
81575098-df8a-45c4-82dc-1b64374dcfdb;2020-01-03T21:57:00Z;58.97;59;59;58.97;16;
81575098-df8a-45c4-82dc-1b64374dcfdb;2020-01-03T22:01:00Z;58.97;58.96;58.97;58.96;528;
81575098-df8a-45c4-82dc-1b64374dcfdb;2020-01-03T22:03:00Z;58.93;58.93;58.93;58.93;8;
81575098-df8a-45c4-82dc-1b64374dcfdb;2020-01-03T22:04:00Z;58.93;58.93;58.93;58.93;88;
81575098-df8a-45c4-82dc-1b64374dcfdb;2020-01-03T22:08:00Z;59;58.99;59;58.99;1204;
81575098-df8a-45c4-82dc-1b64374dcfdb;2020-01-03T22:11:00Z;58.99;58.99;58.99;58.99;20;
81575098-df8a-45c4-82dc-1b64374dcfdb;2020-01-03T22:14:00Z;58.97;58.97;58.97;58.97;40;
81575098-df8a-45c4-82dc-1b64374dcfdb;2020-01-03T22:26:00Z;59;59;59;59;592;
