81575098-df8a-45c4-82dc-1b64374dcfdb;2020-01-02T07:13:00Z;59;59;59;59;20;
81575098-df8a-45c4-82dc-1b64374dcfdb;2020-01-02T07:14:00Z;58.98;58.98;58.98;58.98;80;
81575098-df8a-45c4-82dc-1b64374dcfdb;2020-01-02T07:15:00Z;58.99;58.99;58.99;58.99;4;
81575098-df8a-45c4-82dc-1b64374dcfdb;2020-01-02T07:16:00Z;59;59;59;59;16;
81575098-df8a-45c4-82dc-1b64374dcfdb;2020-01-02T07:17:00Z;59;59;59;59;32;
81575098-df8a-45c4-82dc-1b64374dcfdb;2020-01-02T07:18:00Z;59;59;59;59;180;
81575098-df8a-45c4-82dc-1b64374dcfdb;2020-01-02T07:20:00Z;59;59;59;59;4;
81575098-df8a-45c4-82dc-1b64374dcfdb;2020-01-02T07:28:00Z;59;59;59;59;16;
81575098-df8a-45c4-82dc-1b64374dcfdb;2020-01-02T07:32:00Z;58.99;58.99;58.99;58.99;24;
81575098-df8a-45c4-82dc-1b64374dcfdb;2020-01-02T07:33:00Z;59;59.08;59.08;59;136;
81575098-df8a-45c4-82dc-1b64374dcfdb;2020-01-02T08:03:00Z;59.12;59.12;59.12;59.12;16;
81575098-df8a-45c4-82dc-1b64374dcfdb;2020-01-02T08:04:00Z;59.12;59.13;59.13;59.12;28;
81575098-df8a-45c4-82dc-1b64374dcfdb;2020-01-02T08:05:00Z;59.13;59.13;59.13;59.13;300;
81575098-df8a-45c4-82dc-1b64374dcfdb;2020-01-02T08:06:00Z;59.13;59.13;59.13;59.13;4;
81575098-df8a-45c4-82dc-1b64374dcfdb;2020-01-02T08:07:00Z;59.13;59.13;59.13;59.13;92;
81575098-df8a-45c4-82dc-1b64374dcfdb;2020-01-02T08:11:00Z;59.25;59.33;59.43;59.25;744;
81575098-df8a-45c4-82dc-1b64374dcfdb;2020-01-02T08:13:00Z;59.27;59.27;59.27;59.27;16;
81575098-df8a-45c4-82dc-1b64374dcfdb;2020-01-02T08:27:00Z;59.25;59.25;59.25;59.25;244;
81575098-df8a-45c4-82dc-1b64374dcfdb;2020-01-02T08:57:00Z;59.25;59.25;59.25;59.25;4;
81575098-df8a-45c4-82dc-1b64374dcfdb;2020-01-02T09:00:00Z;59.25;59.25;59.25;59.25;152;
81575098-df8a-45c4-82dc-1b64374dcfdb;2020-01-02T09:01:00Z;59.28;59.38;59.38;59.28;80;
81575098-df8a-45c4-82dc-1b64374dcfdb;2020-01-02T09:03:00Z;59.47;59.47;59.47;59.47;8;
81575098-df8a-45c4-82dc-1b64374dcfdb;2020-01-02T09:06:00Z;59.5;59.53;59.53;59.5;60;
81575098-df8a-45c4-82dc-1b64374dcfdb;2020-01-02T09:08:00Z;59.62;59.6;59.62;59.6;216;
81575098-df8a-45c4-82dc-1b64374dcfdb;2020-01-02T09:09:00Z;59.62;59.62;59.62;59.62;12;
81575098-df8a-45c4-82dc-1b64374dcfdb;2020-01-02T09:10:00Z;59.52;59.66;59.66;59.52;12;
81575098-df8a-45c4-82dc-1b64374dcfdb;2020-01-02T09:11:00Z;59.66;59.52;59.66;59.52;400;
81575098-df8a-45c4-82dc-1b64374dcfdb;2020-01-02T09:19:00Z;59.55;59.55;59.55;59.55;4;
81575098-df8a-45c4-82dc-1b64374dcfdb;2020-01-02T09:21:00Z;59.68;59.68;59.68;59.68;4;
81575098-df8a-45c4-82dc-1b64374dcfdb;2020-01-02T09:32:00Z;59.56;59.56;59.56;59.56;60;
81575098-df8a-45c4-82dc-1b64374dcfdb;2020-01-02T09:43:00Z;59.65;59.65;59.65;59.65;4;
81575098-df8a-45c4-82dc-1b64374dcfdb;2020-01-02T09:51:00Z;59.64;59.64;59.64;59.64;4;
81575098-df8a-45c4-82dc-1b64374dcfdb;2020-01-02T09:52:00Z;59.67;59.67;59.67;59.67;4;
81575098-df8a-45c4-82dc-1b64374dcfdb;2020-01-02T09:57:00Z;59.57;59.57;59.57;59.57;4;
81575098-df8a-45c4-82dc-1b64374dcfdb;2020-01-02T09:58:00Z;59.56;59.56;59.56;59.56;8;
81575098-df8a-45c4-82dc-1b64374dcfdb;2020-01-02T10:00:00Z;59.67;59.67;59.67;59.67;4;
81575098-df8a-45c4-82dc-1b64374dcfdb;2020-01-02T10:03:00Z;59.67;59.67;59.67;59.67;28;
81575098-df8a-45c4-82dc-1b64374dcfdb;2020-01-02T10:16:00Z;59.64;59.64;59.64;59.64;40;
81575098-df8a-45c4-82dc-1b64374dcfdb;2020-01-02T10:22:00Z;59.67;59.67;59.67;59.67;4;
81575098-df8a-45c4-82dc-1b64374dcfdb;2020-01-02T10:23:00Z;59.68;59.68;59.68;59.68;48;
81575098-df8a-45c4-82dc-1b64374dcfdb;2020-01-02T10:25:00Z;59.74;59.74;59.74;59.74;12;
81575098-df8a-45c4-82dc-1b64374dcfdb;2020-01-02T10:26:00Z;59.74;59.74;59.74;59.74;4;
81575098-df8a-45c4-82dc-1b64374dcfdb;2020-01-02T10:36:00Z;59.74;59.74;59.74;59.74;72;
81575098-df8a-45c4-82dc-1b64374dcfdb;2020-01-02T10:40:00Z;59.74;59.74;59.74;59.74;4;
81575098-df8a-45c4-82dc-1b64374dcfdb;2020-01-02T10:50:00Z;59.75;59.75;59.75;59.75;4;
81575098-df8a-45c4-82dc-1b64374dcfdb;2020-01-02T10:57:00Z;59.69;59.69;59.69;59.69;24;
81575098-df8a-45c4-82dc-1b64374dcfdb;2020-01-02T11:01:00Z;59.75;59.71;59.75;59.71;12;
81575098-df8a-45c4-82dc-1b64374dcfdb;2020-01-02T11:02:00Z;59.71;59.71;59.71;59.71;96;
81575098-df8a-45c4-82dc-1b64374dcfdb;2020-01-02T11:03:00Z;59.71;59.71;59.71;59.71;4;
81575098-df8a-45c4-82dc-1b64374dcfdb;2020-01-02T11:05:00Z;59.75;59.75;59.75;59.75;8;
81575098-df8a-45c4-82dc-1b64374dcfdb;2020-01-02T11:11:00Z;59.75;59.75;59.75;59.75;16;
81575098-df8a-45c4-82dc-1b64374dcfdb;2020-01-02T11:13:00Z;59.71;59.71;59.71;59.71;4;
81575098-df8a-45c4-82dc-1b64374dcfdb;2020-01-02T11:19:00Z;59.75;59.75;59.75;59.75;180;
81575098-df8a-45c4-82dc-1b64374dcfdb;2020-01-02T11:20:00Z;59.75;59.75;59.75;59.75;4;
81575098-df8a-45c4-82dc-1b64374dcfdb;2020-01-02T11:24:00Z;59.67;59.67;59.67;59.67;12;
81575098-df8a-45c4-82dc-1b64374dcfdb;2020-01-02T11:27:00Z;59.75;59.75;59.75;59.75;4;
81575098-df8a-45c4-82dc-1b64374dcfdb;2020-01-02T11:32:00Z;59.66;59.66;59.66;59.66;4;
81575098-df8a-45c4-82dc-1b64374dcfdb;2020-01-02T11:36:00Z;59.66;59.66;59.66;59.66;4;
81575098-df8a-45c4-82dc-1b64374dcfdb;2020-01-02T11:38:00Z;59.66;59.66;59.66;59.66;4;
81575098-df8a-45c4-82dc-1b64374dcfdb;2020-01-02T11:51:00Z;59.65;59.66;59.66;59.65;216;
81575098-df8a-45c4-82dc-1b64374dcfdb;2020-01-02T11:53:00Z;59.72;59.72;59.72;59.72;8;
81575098-df8a-45c4-82dc-1b64374dcfdb;2020-01-02T12:00:00Z;59.61;59.58;59.61;59.58;12;
81575098-df8a-45c4-82dc-1b64374dcfdb;2020-01-02T12:03:00Z;59.68;59.68;59.68;59.68;40;
81575098-df8a-45c4-82dc-1b64374dcfdb;2020-01-02T12:08:00Z;59.58;59.58;59.58;59.58;12;
81575098-df8a-45c4-82dc-1b64374dcfdb;2020-01-02T12:15:00Z;59.59;59.59;59.59;59.59;4;
81575098-df8a-45c4-82dc-1b64374dcfdb;2020-01-02T12:16:00Z;59.63;59.63;59.63;59.63;4;
81575098-df8a-45c4-82dc-1b64374dcfdb;2020-01-02T12:20:00Z;59.63;59.68;59.68;59.63;40;
81575098-df8a-45c4-82dc-1b64374dcfdb;2020-01-02T12:24:00Z;59.65;59.65;59.65;59.65;200;
81575098-df8a-45c4-82dc-1b64374dcfdb;2020-01-02T12:34:00Z;59.62;59.62;59.62;59.62;800;
81575098-df8a-45c4-82dc-1b64374dcfdb;2020-01-02T12:35:00Z;59.59;59.59;59.59;59.59;120;
81575098-df8a-45c4-82dc-1b64374dcfdb;2020-01-02T12:36:00Z;59.59;59.58;59.59;59.58;120;
81575098-df8a-45c4-82dc-1b64374dcfdb;2020-01-02T12:37:00Z;59.61;59.61;59.61;59.61;4;
81575098-df8a-45c4-82dc-1b64374dcfdb;2020-01-02T12:47:00Z;59.6;59.61;59.61;59.6;760;
81575098-df8a-45c4-82dc-1b64374dcfdb;2020-01-02T12:49:00Z;59.6;59.6;59.6;59.6;716;
81575098-df8a-45c4-82dc-1b64374dcfdb;2020-01-02T12:51:00Z;59.6;59.6;59.6;59.6;124;
81575098-df8a-45c4-82dc-1b64374dcfdb;2020-01-02T12:53:00Z;59.66;59.68;59.68;59.66;1372;
81575098-df8a-45c4-82dc-1b64374dcfdb;2020-01-02T12:54:00Z;59.69;59.69;59.69;59.69;800;
81575098-df8a-45c4-82dc-1b64374dcfdb;2020-01-02T12:56:00Z;59.69;59.7;59.7;59.69;540;
81575098-df8a-45c4-82dc-1b64374dcfdb;2020-01-02T12:57:00Z;59.74;59.74;59.74;59.74;92;
81575098-df8a-45c4-82dc-1b64374dcfdb;2020-01-02T12:58:00Z;59.74;59.74;59.74;59.74;4;
81575098-df8a-45c4-82dc-1b64374dcfdb;2020-01-02T13:00:00Z;59.73;59.73;59.73;59.73;120;
81575098-df8a-45c4-82dc-1b64374dcfdb;2020-01-02T13:02:00Z;59.7;59.7;59.7;59.7;3600;
81575098-df8a-45c4-82dc-1b64374dcfdb;2020-01-02T13:03:00Z;59.69;59.65;59.7;59.65;5160;
81575098-df8a-45c4-82dc-1b64374dcfdb;2020-01-02T13:04:00Z;59.65;59.63;59.65;59.63;1480;
81575098-df8a-45c4-82dc-1b64374dcfdb;2020-01-02T13:05:00Z;59.63;59.61;59.63;59.61;6580;
81575098-df8a-45c4-82dc-1b64374dcfdb;2020-01-02T13:09:00Z;59.7;59.69;59.7;59.69;940;
81575098-df8a-45c4-82dc-1b64374dcfdb;2020-01-02T13:11:00Z;59.69;59.69;59.69;59.69;5600;
81575098-df8a-45c4-82dc-1b64374dcfdb;2020-01-02T13:12:00Z;59.74;59.73;59.75;59.73;3200;
81575098-df8a-45c4-82dc-1b64374dcfdb;2020-01-02T13:17:00Z;59.7;59.72;59.72;59.7;8;
81575098-df8a-45c4-82dc-1b64374dcfdb;2020-01-02T13:21:00Z;59.71;59.71;59.71;59.71;36;
81575098-df8a-45c4-82dc-1b64374dcfdb;2020-01-02T13:22:00Z;59.75;59.75;59.75;59.75;1160;
81575098-df8a-45c4-82dc-1b64374dcfdb;2020-01-02T13:23:00Z;59.75;59.75;59.75;59.72;1032;
81575098-df8a-45c4-82dc-1b64374dcfdb;2020-01-02T13:26:00Z;59.79;59.78;59.79;59.78;840;
81575098-df8a-45c4-82dc-1b64374dcfdb;2020-01-02T13:29:00Z;59.74;59.74;59.74;59.74;200;
81575098-df8a-45c4-82dc-1b64374dcfdb;2020-01-02T13:32:00Z;59.79;59.8;59.8;59.79;600;
81575098-df8a-45c4-82dc-1b64374dcfdb;2020-01-02T13:35:00Z;59.77;59.77;59.77;59.77;2740;
81575098-df8a-45c4-82dc-1b64374dcfdb;2020-01-02T13:36:00Z;59.8;59.8;59.8;59.8;1580;
81575098-df8a-45c4-82dc-1b64374dcfdb;2020-01-02T13:37:00Z;59.75;59.8;59.8;59.75;2248;
81575098-df8a-45c4-82dc-1b64374dcfdb;2020-01-02T13:38:00Z;59.75;59.75;59.75;59.75;4;
81575098-df8a-45c4-82dc-1b64374dcfdb;2020-01-02T13:39:00Z;59.75;59.75;59.75;59.75;140;
81575098-df8a-45c4-82dc-1b64374dcfdb;2020-01-02T13:40:00Z;59.75;59.74;59.75;59.74;36;
81575098-df8a-45c4-82dc-1b64374dcfdb;2020-01-02T13:41:00Z;59.75;59.73;59.75;59.73;2332;
81575098-df8a-45c4-82dc-1b64374dcfdb;2020-01-02T13:42:00Z;59.73;59.78;59.81;59.73;2828;
81575098-df8a-45c4-82dc-1b64374dcfdb;2020-01-02T13:43:00Z;59.83;59.82;59.83;59.82;72;
81575098-df8a-45c4-82dc-1b64374dcfdb;2020-01-02T13:44:00Z;59.81;59.81;59.81;59.81;160;
81575098-df8a-45c4-82dc-1b64374dcfdb;2020-01-02T13:46:00Z;59.83;59.83;59.83;59.83;164;
81575098-df8a-45c4-82dc-1b64374dcfdb;2020-01-02T13:47:00Z;59.8;59.8;59.8;59.8;204;
81575098-df8a-45c4-82dc-1b64374dcfdb;2020-01-02T13:48:00Z;59.85;59.85;59.85;59.85;400;
81575098-df8a-45c4-82dc-1b64374dcfdb;2020-01-02T13:49:00Z;59.88;59.89;59.89;59.83;1004;
81575098-df8a-45c4-82dc-1b64374dcfdb;2020-01-02T13:50:00Z;59.89;59.85;59.89;59.85;220;
81575098-df8a-45c4-82dc-1b64374dcfdb;2020-01-02T13:53:00Z;59.86;59.86;59.86;59.86;560;
81575098-df8a-45c4-82dc-1b64374dcfdb;2020-01-02T13:54:00Z;59.84;59.84;59.84;59.84;16;
81575098-df8a-45c4-82dc-1b64374dcfdb;2020-01-02T13:56:00Z;59.8;59.8;59.8;59.75;2116;
81575098-df8a-45c4-82dc-1b64374dcfdb;2020-01-02T13:57:00Z;59.83;59.83;59.83;59.83;12;
81575098-df8a-45c4-82dc-1b64374dcfdb;2020-01-02T13:58:00Z;59.82;59.78;59.82;59.78;660;
81575098-df8a-45c4-82dc-1b64374dcfdb;2020-01-02T14:00:00Z;59.76;59.76;59.79;59.76;352;
81575098-df8a-45c4-82dc-1b64374dcfdb;2020-01-02T14:01:00Z;59.78;59.78;59.79;59.78;2084;
81575098-df8a-45c4-82dc-1b64374dcfdb;2020-01-02T14:02:00Z;59.75;59.72;59.75;59.72;7048;
81575098-df8a-45c4-82dc-1b64374dcfdb;2020-01-02T14:03:00Z;59.75;59.72;59.75;59.72;204;
81575098-df8a-45c4-82dc-1b64374dcfdb;2020-01-02T14:05:00Z;59.75;59.73;59.75;59.73;56;
81575098-df8a-45c4-82dc-1b64374dcfdb;2020-01-02T14:06:00Z;59.75;59.71;59.75;59.71;1376;
81575098-df8a-45c4-82dc-1b64374dcfdb;2020-01-02T14:07:00Z;59.71;59.7;59.73;59.69;604;
81575098-df8a-45c4-82dc-1b64374dcfdb;2020-01-02T14:08:00Z;59.74;59.73;59.74;59.7;84;
81575098-df8a-45c4-82dc-1b64374dcfdb;2020-01-02T14:09:00Z;59.7;59.75;59.75;59.7;504;
81575098-df8a-45c4-82dc-1b64374dcfdb;2020-01-02T14:10:00Z;59.73;59.73;59.73;59.73;400;
81575098-df8a-45c4-82dc-1b64374dcfdb;2020-01-02T14:13:00Z;59.73;59.73;59.73;59.73;64;
81575098-df8a-45c4-82dc-1b64374dcfdb;2020-01-02T14:15:00Z;59.73;59.75;59.75;59.73;68;
81575098-df8a-45c4-82dc-1b64374dcfdb;2020-01-02T14:16:00Z;59.75;59.74;59.75;59.73;72;
81575098-df8a-45c4-82dc-1b64374dcfdb;2020-01-02T14:17:00Z;59.74;59.73;59.74;59.73;1632;
81575098-df8a-45c4-82dc-1b64374dcfdb;2020-01-02T14:18:00Z;59.73;59.72;59.73;59.72;52;
81575098-df8a-45c4-82dc-1b64374dcfdb;2020-01-02T14:20:00Z;59.72;59.72;59.74;59.71;5040;
81575098-df8a-45c4-82dc-1b64374dcfdb;2020-01-02T14:21:00Z;59.68;59.67;59.68;59.66;836;
81575098-df8a-45c4-82dc-1b64374dcfdb;2020-01-02T14:22:00Z;59.7;59.72;59.72;59.7;2432;
81575098-df8a-45c4-82dc-1b64374dcfdb;2020-01-02T14:23:00Z;59.69;59.68;59.71;59.68;744;
81575098-df8a-45c4-82dc-1b64374dcfdb;2020-01-02T14:25:00Z;59.68;59.68;59.68;59.68;1216;
81575098-df8a-45c4-82dc-1b64374dcfdb;2020-01-02T14:27:00Z;59.68;59.65;59.68;59.65;24;
81575098-df8a-45c4-82dc-1b64374dcfdb;2020-01-02T14:29:00Z;59.73;59.7;59.74;59.7;748;
81575098-df8a-45c4-82dc-1b64374dcfdb;2020-01-02T14:30:00Z;59.65;59.62;59.79;59.52;501852;
81575098-df8a-45c4-82dc-1b64374dcfdb;2020-01-02T14:31:00Z;59.6;59.4;59.63;59.4;42096;
81575098-df8a-45c4-82dc-1b64374dcfdb;2020-01-02T14:32:00Z;59.41;59.42;59.52;59.24;87640;
81575098-df8a-45c4-82dc-1b64374dcfdb;2020-01-02T14:33:00Z;59.42;59.5;59.5;59.35;27424;
81575098-df8a-45c4-82dc-1b64374dcfdb;2020-01-02T14:34:00Z;59.51;59.54;59.58;59.48;30672;
81575098-df8a-45c4-82dc-1b64374dcfdb;2020-01-02T14:35:00Z;59.55;59.58;59.7;59.54;38300;
81575098-df8a-45c4-82dc-1b64374dcfdb;2020-01-02T14:36:00Z;59.58;59.53;59.6;59.43;48236;
81575098-df8a-45c4-82dc-1b64374dcfdb;2020-01-02T14:37:00Z;59.53;59.62;59.66;59.53;32808;
81575098-df8a-45c4-82dc-1b64374dcfdb;2020-01-02T14:38:00Z;59.63;59.66;59.78;59.6;71884;
81575098-df8a-45c4-82dc-1b64374dcfdb;2020-01-02T14:39:00Z;59.66;59.69;59.74;59.66;23428;
81575098-df8a-45c4-82dc-1b64374dcfdb;2020-01-02T14:40:00Z;59.7;59.61;59.7;59.58;25404;
81575098-df8a-45c4-82dc-1b64374dcfdb;2020-01-02T14:41:00Z;59.58;59.59;59.6;59.52;16656;
81575098-df8a-45c4-82dc-1b64374dcfdb;2020-01-02T14:42:00Z;59.64;59.63;59.68;59.63;19088;
81575098-df8a-45c4-82dc-1b64374dcfdb;2020-01-02T14:43:00Z;59.65;59.67;59.72;59.65;31520;
81575098-df8a-45c4-82dc-1b64374dcfdb;2020-01-02T14:44:00Z;59.66;59.72;59.75;59.61;26372;
81575098-df8a-45c4-82dc-1b64374dcfdb;2020-01-02T14:45:00Z;59.71;59.68;59.73;59.65;13380;
81575098-df8a-45c4-82dc-1b64374dcfdb;2020-01-02T14:46:00Z;59.67;59.55;59.68;59.54;19760;
81575098-df8a-45c4-82dc-1b64374dcfdb;2020-01-02T14:47:00Z;59.56;59.51;59.57;59.49;21808;
81575098-df8a-45c4-82dc-1b64374dcfdb;2020-01-02T14:48:00Z;59.52;59.51;59.56;59.49;20316;
81575098-df8a-45c4-82dc-1b64374dcfdb;2020-01-02T14:49:00Z;59.53;59.53;59.55;59.5;5300;
81575098-df8a-45c4-82dc-1b64374dcfdb;2020-01-02T14:50:00Z;59.51;59.47;59.58;59.47;24200;
81575098-df8a-45c4-82dc-1b64374dcfdb;2020-01-02T14:51:00Z;59.48;59.6;59.61;59.48;15996;
81575098-df8a-45c4-82dc-1b64374dcfdb;2020-01-02T14:52:00Z;59.61;59.59;59.64;59.59;21632;
81575098-df8a-45c4-82dc-1b64374dcfdb;2020-01-02T14:53:00Z;59.59;59.61;59.62;59.57;21168;
81575098-df8a-45c4-82dc-1b64374dcfdb;2020-01-02T14:54:00Z;59.61;59.67;59.69;59.59;11076;
81575098-df8a-45c4-82dc-1b64374dcfdb;2020-01-02T14:55:00Z;59.68;59.68;59.7;59.63;14332;
81575098-df8a-45c4-82dc-1b64374dcfdb;2020-01-02T14:56:00Z;59.69;59.73;59.74;59.68;28128;
81575098-df8a-45c4-82dc-1b64374dcfdb;2020-01-02T14:57:00Z;59.73;59.77;59.81;59.72;36952;
81575098-df8a-45c4-82dc-1b64374dcfdb;2020-01-02T14:58:00Z;59.8;59.69;59.84;59.67;14900;
81575098-df8a-45c4-82dc-1b64374dcfdb;2020-01-02T14:59:00Z;59.69;59.73;59.73;59.68;10936;
81575098-df8a-45c4-82dc-1b64374dcfdb;2020-01-02T15:00:00Z;59.76;59.71;59.76;59.7;9584;
81575098-df8a-45c4-82dc-1b64374dcfdb;2020-01-02T15:01:00Z;59.71;59.61;59.71;59.6;24320;
81575098-df8a-45c4-82dc-1b64374dcfdb;2020-01-02T15:02:00Z;59.6;59.56;59.63;59.54;26284;
81575098-df8a-45c4-82dc-1b64374dcfdb;2020-01-02T15:03:00Z;59.56;59.59;59.59;59.53;7796;
81575098-df8a-45c4-82dc-1b64374dcfdb;2020-01-02T15:04:00Z;59.57;59.68;59.68;59.57;9948;
81575098-df8a-45c4-82dc-1b64374dcfdb;2020-01-02T15:05:00Z;59.67;59.67;59.73;59.65;13152;
81575098-df8a-45c4-82dc-1b64374dcfdb;2020-01-02T15:06:00Z;59.68;59.71;59.72;59.67;5636;
81575098-df8a-45c4-82dc-1b64374dcfdb;2020-01-02T15:07:00Z;59.73;59.72;59.73;59.69;8040;
81575098-df8a-45c4-82dc-1b64374dcfdb;2020-01-02T15:08:00Z;59.73;59.73;59.73;59.7;18344;
81575098-df8a-45c4-82dc-1b64374dcfdb;2020-01-02T15:09:00Z;59.74;59.71;59.74;59.68;17500;
81575098-df8a-45c4-82dc-1b64374dcfdb;2020-01-02T15:10:00Z;59.71;59.74;59.75;59.71;24384;
81575098-df8a-45c4-82dc-1b64374dcfdb;2020-01-02T15:11:00Z;59.74;59.57;59.74;59.55;36448;
81575098-df8a-45c4-82dc-1b64374dcfdb;2020-01-02T15:12:00Z;59.58;59.52;59.58;59.51;20236;
81575098-df8a-45c4-82dc-1b64374dcfdb;2020-01-02T15:13:00Z;59.51;59.58;59.58;59.5;31292;
81575098-df8a-45c4-82dc-1b64374dcfdb;2020-01-02T15:14:00Z;59.59;59.52;59.6;59.52;9224;
81575098-df8a-45c4-82dc-1b64374dcfdb;2020-01-02T15:15:00Z;59.52;59.33;59.53;59.33;33712;
81575098-df8a-45c4-82dc-1b64374dcfdb;2020-01-02T15:16:00Z;59.35;59.42;59.42;59.35;15904;
81575098-df8a-45c4-82dc-1b64374dcfdb;2020-01-02T15:17:00Z;59.38;59.49;59.49;59.38;11816;
81575098-df8a-45c4-82dc-1b64374dcfdb;2020-01-02T15:18:00Z;59.5;59.52;59.52;59.46;11008;
81575098-df8a-45c4-82dc-1b64374dcfdb;2020-01-02T15:19:00Z;59.53;59.43;59.53;59.43;21260;
81575098-df8a-45c4-82dc-1b64374dcfdb;2020-01-02T15:20:00Z;59.42;59.39;59.42;59.37;12192;
81575098-df8a-45c4-82dc-1b64374dcfdb;2020-01-02T15:21:00Z;59.4;59.41;59.45;59.39;14908;
81575098-df8a-45c4-82dc-1b64374dcfdb;2020-01-02T15:22:00Z;59.39;59.4;59.43;59.38;22404;
81575098-df8a-45c4-82dc-1b64374dcfdb;2020-01-02T15:23:00Z;59.41;59.38;59.41;59.32;26128;
81575098-df8a-45c4-82dc-1b64374dcfdb;2020-01-02T15:24:00Z;59.37;59.37;59.4;59.33;6072;
81575098-df8a-45c4-82dc-1b64374dcfdb;2020-01-02T15:25:00Z;59.37;59.39;59.39;59.34;6364;
81575098-df8a-45c4-82dc-1b64374dcfdb;2020-01-02T15:26:00Z;59.39;59.43;59.43;59.38;17328;
81575098-df8a-45c4-82dc-1b64374dcfdb;2020-01-02T15:27:00Z;59.44;59.48;59.5;59.43;28556;
81575098-df8a-45c4-82dc-1b64374dcfdb;2020-01-02T15:28:00Z;59.48;59.46;59.54;59.43;37356;
81575098-df8a-45c4-82dc-1b64374dcfdb;2020-01-02T15:29:00Z;59.46;59.43;59.49;59.43;5576;
81575098-df8a-45c4-82dc-1b64374dcfdb;2020-01-02T15:30:00Z;59.45;59.53;59.53;59.45;11732;
81575098-df8a-45c4-82dc-1b64374dcfdb;2020-01-02T15:31:00Z;59.52;59.45;59.53;59.43;6760;
81575098-df8a-45c4-82dc-1b64374dcfdb;2020-01-02T15:32:00Z;59.43;59.45;59.46;59.43;4644;
81575098-df8a-45c4-82dc-1b64374dcfdb;2020-01-02T15:33:00Z;59.44;59.48;59.51;59.44;7996;
81575098-df8a-45c4-82dc-1b64374dcfdb;2020-01-02T15:34:00Z;59.52;59.48;59.52;59.48;3488;
81575098-df8a-45c4-82dc-1b64374dcfdb;2020-01-02T15:35:00Z;59.46;59.47;59.49;59.44;6776;
81575098-df8a-45c4-82dc-1b64374dcfdb;2020-01-02T15:36:00Z;59.45;59.46;59.49;59.45;2544;
81575098-df8a-45c4-82dc-1b64374dcfdb;2020-01-02T15:37:00Z;59.46;59.46;59.5;59.45;2212;
81575098-df8a-45c4-82dc-1b64374dcfdb;2020-01-02T15:38:00Z;59.45;59.41;59.46;59.4;17512;
81575098-df8a-45c4-82dc-1b64374dcfdb;2020-01-02T15:39:00Z;59.41;59.42;59.42;59.39;6776;
81575098-df8a-45c4-82dc-1b64374dcfdb;2020-01-02T15:40:00Z;59.42;59.45;59.45;59.41;5984;
81575098-df8a-45c4-82dc-1b64374dcfdb;2020-01-02T15:41:00Z;59.44;59.46;59.47;59.4;8152;
81575098-df8a-45c4-82dc-1b64374dcfdb;2020-01-02T15:42:00Z;59.46;59.48;59.5;59.45;14264;
81575098-df8a-45c4-82dc-1b64374dcfdb;2020-01-02T15:43:00Z;59.49;59.5;59.55;59.49;8276;
81575098-df8a-45c4-82dc-1b64374dcfdb;2020-01-02T15:44:00Z;59.5;59.5;59.5;59.47;9700;
81575098-df8a-45c4-82dc-1b64374dcfdb;2020-01-02T15:45:00Z;59.5;59.5;59.53;59.5;11600;
81575098-df8a-45c4-82dc-1b64374dcfdb;2020-01-02T15:46:00Z;59.51;59.53;59.57;59.51;13540;
81575098-df8a-45c4-82dc-1b64374dcfdb;2020-01-02T15:47:00Z;59.53;59.52;59.55;59.51;6284;
81575098-df8a-45c4-82dc-1b64374dcfdb;2020-01-02T15:48:00Z;59.5;59.45;59.5;59.42;7944;
81575098-df8a-45c4-82dc-1b64374dcfdb;2020-01-02T15:49:00Z;59.45;59.51;59.52;59.45;5804;
81575098-df8a-45c4-82dc-1b64374dcfdb;2020-01-02T15:50:00Z;59.52;59.54;59.54;59.51;5804;
81575098-df8a-45c4-82dc-1b64374dcfdb;2020-01-02T15:51:00Z;59.52;59.47;59.52;59.47;3944;
81575098-df8a-45c4-82dc-1b64374dcfdb;2020-01-02T15:52:00Z;59.48;59.5;59.5;59.46;7376;
81575098-df8a-45c4-82dc-1b64374dcfdb;2020-01-02T15:53:00Z;59.53;59.48;59.53;59.48;4380;
81575098-df8a-45c4-82dc-1b64374dcfdb;2020-01-02T15:54:00Z;59.49;59.43;59.5;59.41;11464;
81575098-df8a-45c4-82dc-1b64374dcfdb;2020-01-02T15:55:00Z;59.44;59.51;59.52;59.44;10476;
81575098-df8a-45c4-82dc-1b64374dcfdb;2020-01-02T15:56:00Z;59.51;59.54;59.54;59.51;7380;
81575098-df8a-45c4-82dc-1b64374dcfdb;2020-01-02T15:57:00Z;59.54;59.54;59.56;59.53;19256;
81575098-df8a-45c4-82dc-1b64374dcfdb;2020-01-02T15:58:00Z;59.52;59.5;59.53;59.49;14828;
81575098-df8a-45c4-82dc-1b64374dcfdb;2020-01-02T15:59:00Z;59.5;59.45;59.5;59.43;6836;
81575098-df8a-45c4-82dc-1b64374dcfdb;2020-01-02T16:00:00Z;59.45;59.46;59.48;59.45;8936;
81575098-df8a-45c4-82dc-1b64374dcfdb;2020-01-02T16:01:00Z;59.45;59.4;59.45;59.39;9320;
81575098-df8a-45c4-82dc-1b64374dcfdb;2020-01-02T16:02:00Z;59.39;59.42;59.44;59.39;5056;
81575098-df8a-45c4-82dc-1b64374dcfdb;2020-01-02T16:03:00Z;59.4;59.41;59.43;59.4;8260;
81575098-df8a-45c4-82dc-1b64374dcfdb;2020-01-02T16:04:00Z;59.41;59.4;59.42;59.4;8260;
81575098-df8a-45c4-82dc-1b64374dcfdb;2020-01-02T16:05:00Z;59.4;59.35;59.4;59.34;10628;
81575098-df8a-45c4-82dc-1b64374dcfdb;2020-01-02T16:06:00Z;59.37;59.41;59.41;59.35;10444;
81575098-df8a-45c4-82dc-1b64374dcfdb;2020-01-02T16:07:00Z;59.42;59.35;59.42;59.35;6448;
81575098-df8a-45c4-82dc-1b64374dcfdb;2020-01-02T16:08:00Z;59.37;59.32;59.38;59.32;5836;
81575098-df8a-45c4-82dc-1b64374dcfdb;2020-01-02T16:09:00Z;59.33;59.35;59.35;59.33;5516;
81575098-df8a-45c4-82dc-1b64374dcfdb;2020-01-02T16:10:00Z;59.34;59.31;59.34;59.29;11332;
81575098-df8a-45c4-82dc-1b64374dcfdb;2020-01-02T16:11:00Z;59.32;59.35;59.35;59.31;5372;
81575098-df8a-45c4-82dc-1b64374dcfdb;2020-01-02T16:12:00Z;59.37;59.41;59.41;59.37;8760;
81575098-df8a-45c4-82dc-1b64374dcfdb;2020-01-02T16:13:00Z;59.41;59.38;59.41;59.37;6776;
81575098-df8a-45c4-82dc-1b64374dcfdb;2020-01-02T16:14:00Z;59.4;59.42;59.45;59.4;4840;
81575098-df8a-45c4-82dc-1b64374dcfdb;2020-01-02T16:15:00Z;59.42;59.39;59.42;59.38;7032;
81575098-df8a-45c4-82dc-1b64374dcfdb;2020-01-02T16:16:00Z;59.4;59.55;59.55;59.39;16692;
81575098-df8a-45c4-82dc-1b64374dcfdb;2020-01-02T16:17:00Z;59.53;59.46;59.53;59.45;8256;
81575098-df8a-45c4-82dc-1b64374dcfdb;2020-01-02T16:18:00Z;59.46;59.45;59.48;59.44;3348;
81575098-df8a-45c4-82dc-1b64374dcfdb;2020-01-02T16:19:00Z;59.45;59.45;59.47;59.45;8952;
81575098-df8a-45c4-82dc-1b64374dcfdb;2020-01-02T16:20:00Z;59.46;59.45;59.47;59.44;4456;
81575098-df8a-45c4-82dc-1b64374dcfdb;2020-01-02T16:21:00Z;59.45;59.4;59.45;59.4;3488;
81575098-df8a-45c4-82dc-1b64374dcfdb;2020-01-02T16:22:00Z;59.4;59.4;59.42;59.39;5392;
81575098-df8a-45c4-82dc-1b64374dcfdb;2020-01-02T16:23:00Z;59.4;59.41;59.42;59.38;12920;
81575098-df8a-45c4-82dc-1b64374dcfdb;2020-01-02T16:24:00Z;59.41;59.41;59.44;59.41;7588;
81575098-df8a-45c4-82dc-1b64374dcfdb;2020-01-02T16:25:00Z;59.42;59.4;59.42;59.4;5160;
81575098-df8a-45c4-82dc-1b64374dcfdb;2020-01-02T16:26:00Z;59.41;59.42;59.43;59.4;5148;
81575098-df8a-45c4-82dc-1b64374dcfdb;2020-01-02T16:27:00Z;59.41;59.43;59.44;59.41;4676;
81575098-df8a-45c4-82dc-1b64374dcfdb;2020-01-02T16:28:00Z;59.42;59.46;59.48;59.41;7760;
81575098-df8a-45c4-82dc-1b64374dcfdb;2020-01-02T16:29:00Z;59.44;59.44;59.44;59.43;3500;
81575098-df8a-45c4-82dc-1b64374dcfdb;2020-01-02T16:30:00Z;59.44;59.43;59.44;59.41;7992;
81575098-df8a-45c4-82dc-1b64374dcfdb;2020-01-02T16:31:00Z;59.43;59.41;59.43;59.41;5180;
81575098-df8a-45c4-82dc-1b64374dcfdb;2020-01-02T16:32:00Z;59.41;59.4;59.41;59.39;10696;
81575098-df8a-45c4-82dc-1b64374dcfdb;2020-01-02T16:33:00Z;59.41;59.4;59.42;59.4;6496;
81575098-df8a-45c4-82dc-1b64374dcfdb;2020-01-02T16:34:00Z;59.39;59.3;59.39;59.27;17172;
81575098-df8a-45c4-82dc-1b64374dcfdb;2020-01-02T16:35:00Z;59.3;59.26;59.3;59.24;20604;
81575098-df8a-45c4-82dc-1b64374dcfdb;2020-01-02T16:36:00Z;59.26;59.27;59.27;59.19;15904;
81575098-df8a-45c4-82dc-1b64374dcfdb;2020-01-02T16:37:00Z;59.27;59.33;59.34;59.27;6372;
81575098-df8a-45c4-82dc-1b64374dcfdb;2020-01-02T16:38:00Z;59.33;59.36;59.36;59.32;5960;
81575098-df8a-45c4-82dc-1b64374dcfdb;2020-01-02T16:39:00Z;59.36;59.32;59.36;59.31;4884;
81575098-df8a-45c4-82dc-1b64374dcfdb;2020-01-02T16:40:00Z;59.33;59.38;59.39;59.33;8220;
81575098-df8a-45c4-82dc-1b64374dcfdb;2020-01-02T16:41:00Z;59.39;59.41;59.41;59.39;4076;
81575098-df8a-45c4-82dc-1b64374dcfdb;2020-01-02T16:42:00Z;59.4;59.39;59.4;59.35;5584;
81575098-df8a-45c4-82dc-1b64374dcfdb;2020-01-02T16:43:00Z;59.38;59.43;59.43;59.38;2996;
81575098-df8a-45c4-82dc-1b64374dcfdb;2020-01-02T16:44:00Z;59.42;59.43;59.43;59.4;3900;
81575098-df8a-45c4-82dc-1b64374dcfdb;2020-01-02T16:45:00Z;59.43;59.47;59.47;59.43;5760;
81575098-df8a-45c4-82dc-1b64374dcfdb;2020-01-02T16:46:00Z;59.46;59.44;59.46;59.44;4136;
81575098-df8a-45c4-82dc-1b64374dcfdb;2020-01-02T16:47:00Z;59.44;59.49;59.49;59.44;4660;
81575098-df8a-45c4-82dc-1b64374dcfdb;2020-01-02T16:48:00Z;59.49;59.5;59.51;59.49;11764;
81575098-df8a-45c4-82dc-1b64374dcfdb;2020-01-02T16:49:00Z;59.49;59.48;59.5;59.48;3376;
81575098-df8a-45c4-82dc-1b64374dcfdb;2020-01-02T16:50:00Z;59.49;59.51;59.52;59.49;8740;
81575098-df8a-45c4-82dc-1b64374dcfdb;2020-01-02T16:51:00Z;59.51;59.53;59.53;59.51;9016;
81575098-df8a-45c4-82dc-1b64374dcfdb;2020-01-02T16:52:00Z;59.53;59.51;59.53;59.51;4800;
81575098-df8a-45c4-82dc-1b64374dcfdb;2020-01-02T16:53:00Z;59.52;59.51;59.54;59.51;7512;
81575098-df8a-45c4-82dc-1b64374dcfdb;2020-01-02T16:54:00Z;59.51;59.55;59.55;59.51;5608;
81575098-df8a-45c4-82dc-1b64374dcfdb;2020-01-02T16:55:00Z;59.55;59.54;59.55;59.53;8484;
81575098-df8a-45c4-82dc-1b64374dcfdb;2020-01-02T16:56:00Z;59.55;59.54;59.55;59.52;6040;
81575098-df8a-45c4-82dc-1b64374dcfdb;2020-01-02T16:57:00Z;59.54;59.52;59.54;59.51;8608;
81575098-df8a-45c4-82dc-1b64374dcfdb;2020-01-02T16:58:00Z;59.52;59.53;59.53;59.52;5280;
81575098-df8a-45c4-82dc-1b64374dcfdb;2020-01-02T16:59:00Z;59.54;59.54;59.54;59.51;5444;
81575098-df8a-45c4-82dc-1b64374dcfdb;2020-01-02T17:00:00Z;59.54;59.54;59.55;59.51;7864;
81575098-df8a-45c4-82dc-1b64374dcfdb;2020-01-02T17:01:00Z;59.54;59.53;59.54;59.53;2316;
81575098-df8a-45c4-82dc-1b64374dcfdb;2020-01-02T17:02:00Z;59.53;59.54;59.55;59.53;8328;
81575098-df8a-45c4-82dc-1b64374dcfdb;2020-01-02T17:03:00Z;59.54;59.55;59.56;59.54;6020;
81575098-df8a-45c4-82dc-1b64374dcfdb;2020-01-02T17:04:00Z;59.54;59.54;59.55;59.52;4980;
81575098-df8a-45c4-82dc-1b64374dcfdb;2020-01-02T17:05:00Z;59.54;59.52;59.54;59.52;3520;
81575098-df8a-45c4-82dc-1b64374dcfdb;2020-01-02T17:06:00Z;59.52;59.55;59.56;59.52;12840;
81575098-df8a-45c4-82dc-1b64374dcfdb;2020-01-02T17:07:00Z;59.56;59.53;59.58;59.53;9276;
81575098-df8a-45c4-82dc-1b64374dcfdb;2020-01-02T17:08:00Z;59.55;59.54;59.55;59.53;3684;
81575098-df8a-45c4-82dc-1b64374dcfdb;2020-01-02T17:09:00Z;59.55;59.54;59.56;59.54;1892;
81575098-df8a-45c4-82dc-1b64374dcfdb;2020-01-02T17:10:00Z;59.54;59.51;59.54;59.51;4656;
81575098-df8a-45c4-82dc-1b64374dcfdb;2020-01-02T17:11:00Z;59.51;59.51;59.51;59.5;7836;
81575098-df8a-45c4-82dc-1b64374dcfdb;2020-01-02T17:12:00Z;59.51;59.52;59.52;59.51;3356;
81575098-df8a-45c4-82dc-1b64374dcfdb;2020-01-02T17:13:00Z;59.53;59.52;59.53;59.52;2944;
81575098-df8a-45c4-82dc-1b64374dcfdb;2020-01-02T17:14:00Z;59.52;59.46;59.52;59.46;5296;
81575098-df8a-45c4-82dc-1b64374dcfdb;2020-01-02T17:15:00Z;59.46;59.47;59.47;59.45;4812;
81575098-df8a-45c4-82dc-1b64374dcfdb;2020-01-02T17:16:00Z;59.46;59.5;59.51;59.46;5220;
81575098-df8a-45c4-82dc-1b64374dcfdb;2020-01-02T17:17:00Z;59.52;59.59;59.59;59.52;7780;
81575098-df8a-45c4-82dc-1b64374dcfdb;2020-01-02T17:18:00Z;59.58;59.6;59.61;59.58;7112;
81575098-df8a-45c4-82dc-1b64374dcfdb;2020-01-02T17:19:00Z;59.6;59.59;59.6;59.58;1980;
81575098-df8a-45c4-82dc-1b64374dcfdb;2020-01-02T17:20:00Z;59.59;59.58;59.6;59.57;2692;
81575098-df8a-45c4-82dc-1b64374dcfdb;2020-01-02T17:21:00Z;59.58;59.6;59.61;59.58;3744;
81575098-df8a-45c4-82dc-1b64374dcfdb;2020-01-02T17:22:00Z;59.61;59.61;59.63;59.61;5912;
81575098-df8a-45c4-82dc-1b64374dcfdb;2020-01-02T17:23:00Z;59.61;59.58;59.61;59.57;5872;
81575098-df8a-45c4-82dc-1b64374dcfdb;2020-01-02T17:24:00Z;59.59;59.57;59.59;59.57;1172;
81575098-df8a-45c4-82dc-1b64374dcfdb;2020-01-02T17:25:00Z;59.58;59.57;59.59;59.57;2960;
81575098-df8a-45c4-82dc-1b64374dcfdb;2020-01-02T17:26:00Z;59.59;59.58;59.61;59.57;4240;
81575098-df8a-45c4-82dc-1b64374dcfdb;2020-01-02T17:27:00Z;59.58;59.6;59.6;59.58;2052;
81575098-df8a-45c4-82dc-1b64374dcfdb;2020-01-02T17:28:00Z;59.6;59.58;59.6;59.58;4068;
81575098-df8a-45c4-82dc-1b64374dcfdb;2020-01-02T17:29:00Z;59.58;59.55;59.58;59.55;4092;
81575098-df8a-45c4-82dc-1b64374dcfdb;2020-01-02T17:30:00Z;59.56;59.6;59.6;59.56;2424;
81575098-df8a-45c4-82dc-1b64374dcfdb;2020-01-02T17:31:00Z;59.6;59.63;59.63;59.59;6888;
81575098-df8a-45c4-82dc-1b64374dcfdb;2020-01-02T17:32:00Z;59.63;59.61;59.63;59.61;3100;
81575098-df8a-45c4-82dc-1b64374dcfdb;2020-01-02T17:33:00Z;59.61;59.62;59.62;59.61;3616;
81575098-df8a-45c4-82dc-1b64374dcfdb;2020-01-02T17:34:00Z;59.62;59.64;59.64;59.62;4804;
81575098-df8a-45c4-82dc-1b64374dcfdb;2020-01-02T17:35:00Z;59.64;59.64;59.64;59.63;2928;
81575098-df8a-45c4-82dc-1b64374dcfdb;2020-01-02T17:36:00Z;59.64;59.65;59.67;59.63;17776;
81575098-df8a-45c4-82dc-1b64374dcfdb;2020-01-02T17:37:00Z;59.65;59.65;59.66;59.64;15792;
81575098-df8a-45c4-82dc-1b64374dcfdb;2020-01-02T17:38:00Z;59.65;59.71;59.71;59.65;34940;
81575098-df8a-45c4-82dc-1b64374dcfdb;2020-01-02T17:39:00Z;59.72;59.69;59.73;59.69;15844;
81575098-df8a-45c4-82dc-1b64374dcfdb;2020-01-02T17:40:00Z;59.69;59.72;59.72;59.69;9156;
81575098-df8a-45c4-82dc-1b64374dcfdb;2020-01-02T17:41:00Z;59.74;59.77;59.79;59.74;24800;
81575098-df8a-45c4-82dc-1b64374dcfdb;2020-01-02T17:42:00Z;59.77;59.76;59.78;59.76;3588;
81575098-df8a-45c4-82dc-1b64374dcfdb;2020-01-02T17:43:00Z;59.76;59.74;59.76;59.73;4596;
81575098-df8a-45c4-82dc-1b64374dcfdb;2020-01-02T17:44:00Z;59.75;59.76;59.76;59.75;2928;
81575098-df8a-45c4-82dc-1b64374dcfdb;2020-01-02T17:45:00Z;59.76;59.78;59.79;59.75;4932;
81575098-df8a-45c4-82dc-1b64374dcfdb;2020-01-02T17:46:00Z;59.79;59.8;59.82;59.79;11520;
81575098-df8a-45c4-82dc-1b64374dcfdb;2020-01-02T17:47:00Z;59.79;59.79;59.8;59.78;4764;
81575098-df8a-45c4-82dc-1b64374dcfdb;2020-01-02T17:48:00Z;59.8;59.79;59.8;59.78;4552;
81575098-df8a-45c4-82dc-1b64374dcfdb;2020-01-02T17:49:00Z;59.79;59.76;59.79;59.76;2732;
81575098-df8a-45c4-82dc-1b64374dcfdb;2020-01-02T17:50:00Z;59.76;59.74;59.76;59.73;4768;
81575098-df8a-45c4-82dc-1b64374dcfdb;2020-01-02T17:51:00Z;59.74;59.78;59.78;59.73;11460;
81575098-df8a-45c4-82dc-1b64374dcfdb;2020-01-02T17:52:00Z;59.77;59.77;59.77;59.76;1708;
81575098-df8a-45c4-82dc-1b64374dcfdb;2020-01-02T17:53:00Z;59.77;59.73;59.77;59.73;3628;
81575098-df8a-45c4-82dc-1b64374dcfdb;2020-01-02T17:54:00Z;59.75;59.76;59.76;59.75;2732;
81575098-df8a-45c4-82dc-1b64374dcfdb;2020-01-02T17:55:00Z;59.76;59.77;59.77;59.76;2884;
81575098-df8a-45c4-82dc-1b64374dcfdb;2020-01-02T17:56:00Z;59.77;59.76;59.77;59.74;5660;
81575098-df8a-45c4-82dc-1b64374dcfdb;2020-01-02T17:57:00Z;59.76;59.76;59.76;59.75;4292;
81575098-df8a-45c4-82dc-1b64374dcfdb;2020-01-02T17:58:00Z;59.75;59.76;59.77;59.75;3272;
81575098-df8a-45c4-82dc-1b64374dcfdb;2020-01-02T17:59:00Z;59.75;59.76;59.76;59.75;2272;
81575098-df8a-45c4-82dc-1b64374dcfdb;2020-01-02T18:00:00Z;59.76;59.74;59.76;59.73;3768;
81575098-df8a-45c4-82dc-1b64374dcfdb;2020-01-02T18:01:00Z;59.74;59.74;59.75;59.74;2956;
81575098-df8a-45c4-82dc-1b64374dcfdb;2020-01-02T18:02:00Z;59.74;59.69;59.74;59.69;6444;
81575098-df8a-45c4-82dc-1b64374dcfdb;2020-01-02T18:03:00Z;59.71;59.74;59.74;59.71;3648;
81575098-df8a-45c4-82dc-1b64374dcfdb;2020-01-02T18:04:00Z;59.74;59.73;59.74;59.72;4196;
81575098-df8a-45c4-82dc-1b64374dcfdb;2020-01-02T18:05:00Z;59.74;59.7;59.75;59.7;4608;
81575098-df8a-45c4-82dc-1b64374dcfdb;2020-01-02T18:06:00Z;59.7;59.68;59.7;59.66;5496;
81575098-df8a-45c4-82dc-1b64374dcfdb;2020-01-02T18:07:00Z;59.68;59.71;59.71;59.67;2360;
81575098-df8a-45c4-82dc-1b64374dcfdb;2020-01-02T18:08:00Z;59.69;59.68;59.69;59.68;36;
81575098-df8a-45c4-82dc-1b64374dcfdb;2020-01-02T18:09:00Z;59.67;59.68;59.68;59.67;8692;
81575098-df8a-45c4-82dc-1b64374dcfdb;2020-01-02T18:10:00Z;59.67;59.68;59.68;59.67;4124;
81575098-df8a-45c4-82dc-1b64374dcfdb;2020-01-02T18:11:00Z;59.68;59.66;59.68;59.65;3540;
81575098-df8a-45c4-82dc-1b64374dcfdb;2020-01-02T18:12:00Z;59.66;59.68;59.68;59.66;5412;
81575098-df8a-45c4-82dc-1b64374dcfdb;2020-01-02T18:13:00Z;59.68;59.68;59.68;59.67;3088;
81575098-df8a-45c4-82dc-1b64374dcfdb;2020-01-02T18:14:00Z;59.67;59.65;59.67;59.65;5832;
81575098-df8a-45c4-82dc-1b64374dcfdb;2020-01-02T18:15:00Z;59.65;59.64;59.65;59.64;6548;
81575098-df8a-45c4-82dc-1b64374dcfdb;2020-01-02T18:16:00Z;59.63;59.63;59.64;59.62;16756;
81575098-df8a-45c4-82dc-1b64374dcfdb;2020-01-02T18:17:00Z;59.62;59.63;59.64;59.62;2672;
81575098-df8a-45c4-82dc-1b64374dcfdb;2020-01-02T18:18:00Z;59.64;59.65;59.65;59.63;3084;
81575098-df8a-45c4-82dc-1b64374dcfdb;2020-01-02T18:19:00Z;59.65;59.67;59.67;59.65;4384;
81575098-df8a-45c4-82dc-1b64374dcfdb;2020-01-02T18:20:00Z;59.67;59.67;59.69;59.66;6076;
81575098-df8a-45c4-82dc-1b64374dcfdb;2020-01-02T18:21:00Z;59.68;59.68;59.69;59.68;1100;
81575098-df8a-45c4-82dc-1b64374dcfdb;2020-01-02T18:22:00Z;59.68;59.67;59.68;59.66;2596;
81575098-df8a-45c4-82dc-1b64374dcfdb;2020-01-02T18:23:00Z;59.66;59.65;59.66;59.64;2440;
81575098-df8a-45c4-82dc-1b64374dcfdb;2020-01-02T18:24:00Z;59.64;59.67;59.67;59.64;3060;
81575098-df8a-45c4-82dc-1b64374dcfdb;2020-01-02T18:25:00Z;59.67;59.66;59.68;59.66;3304;
81575098-df8a-45c4-82dc-1b64374dcfdb;2020-01-02T18:26:00Z;59.66;59.65;59.67;59.65;4588;
81575098-df8a-45c4-82dc-1b64374dcfdb;2020-01-02T18:27:00Z;59.67;59.67;59.68;59.66;4548;
81575098-df8a-45c4-82dc-1b64374dcfdb;2020-01-02T18:28:00Z;59.68;59.7;59.7;59.66;7204;
81575098-df8a-45c4-82dc-1b64374dcfdb;2020-01-02T18:29:00Z;59.7;59.72;59.72;59.7;3424;
81575098-df8a-45c4-82dc-1b64374dcfdb;2020-01-02T18:30:00Z;59.73;59.75;59.76;59.73;6468;
81575098-df8a-45c4-82dc-1b64374dcfdb;2020-01-02T18:31:00Z;59.76;59.76;59.77;59.75;6936;
81575098-df8a-45c4-82dc-1b64374dcfdb;2020-01-02T18:32:00Z;59.77;59.77;59.79;59.77;5204;
81575098-df8a-45c4-82dc-1b64374dcfdb;2020-01-02T18:33:00Z;59.77;59.77;59.77;59.76;4280;
81575098-df8a-45c4-82dc-1b64374dcfdb;2020-01-02T18:34:00Z;59.77;59.74;59.78;59.74;3736;
81575098-df8a-45c4-82dc-1b64374dcfdb;2020-01-02T18:35:00Z;59.74;59.73;59.75;59.73;3812;
81575098-df8a-45c4-82dc-1b64374dcfdb;2020-01-02T18:36:00Z;59.73;59.72;59.73;59.72;3128;
81575098-df8a-45c4-82dc-1b64374dcfdb;2020-01-02T18:37:00Z;59.72;59.72;59.73;59.71;3112;
81575098-df8a-45c4-82dc-1b64374dcfdb;2020-01-02T18:38:00Z;59.72;59.74;59.75;59.72;7892;
81575098-df8a-45c4-82dc-1b64374dcfdb;2020-01-02T18:39:00Z;59.74;59.74;59.75;59.73;4324;
81575098-df8a-45c4-82dc-1b64374dcfdb;2020-01-02T18:40:00Z;59.74;59.76;59.76;59.74;2184;
81575098-df8a-45c4-82dc-1b64374dcfdb;2020-01-02T18:41:00Z;59.77;59.76;59.77;59.75;5464;
81575098-df8a-45c4-82dc-1b64374dcfdb;2020-01-02T18:42:00Z;59.77;59.78;59.78;59.76;21268;
81575098-df8a-45c4-82dc-1b64374dcfdb;2020-01-02T18:43:00Z;59.78;59.79;59.79;59.78;3828;
81575098-df8a-45c4-82dc-1b64374dcfdb;2020-01-02T18:44:00Z;59.78;59.79;59.79;59.78;1532;
81575098-df8a-45c4-82dc-1b64374dcfdb;2020-01-02T18:45:00Z;59.79;59.78;59.8;59.78;5604;
81575098-df8a-45c4-82dc-1b64374dcfdb;2020-01-02T18:46:00Z;59.78;59.75;59.78;59.75;1836;
81575098-df8a-45c4-82dc-1b64374dcfdb;2020-01-02T18:47:00Z;59.76;59.78;59.78;59.75;3400;
81575098-df8a-45c4-82dc-1b64374dcfdb;2020-01-02T18:48:00Z;59.78;59.79;59.8;59.78;3820;
81575098-df8a-45c4-82dc-1b64374dcfdb;2020-01-02T18:49:00Z;59.79;59.78;59.79;59.78;3312;
81575098-df8a-45c4-82dc-1b64374dcfdb;2020-01-02T18:50:00Z;59.79;59.78;59.8;59.77;5568;
81575098-df8a-45c4-82dc-1b64374dcfdb;2020-01-02T18:51:00Z;59.78;59.78;59.78;59.76;5120;
81575098-df8a-45c4-82dc-1b64374dcfdb;2020-01-02T18:52:00Z;59.78;59.77;59.78;59.77;2512;
81575098-df8a-45c4-82dc-1b64374dcfdb;2020-01-02T18:53:00Z;59.77;59.75;59.78;59.75;5348;
81575098-df8a-45c4-82dc-1b64374dcfdb;2020-01-02T18:54:00Z;59.76;59.76;59.77;59.76;1264;
81575098-df8a-45c4-82dc-1b64374dcfdb;2020-01-02T18:55:00Z;59.77;59.76;59.77;59.75;3628;
81575098-df8a-45c4-82dc-1b64374dcfdb;2020-01-02T18:56:00Z;59.77;59.81;59.81;59.77;5040;
81575098-df8a-45c4-82dc-1b64374dcfdb;2020-01-02T18:57:00Z;59.81;59.82;59.83;59.81;10200;
81575098-df8a-45c4-82dc-1b64374dcfdb;2020-01-02T18:58:00Z;59.82;59.83;59.84;59.82;12632;
81575098-df8a-45c4-82dc-1b64374dcfdb;2020-01-02T18:59:00Z;59.83;59.83;59.85;59.81;13136;
81575098-df8a-45c4-82dc-1b64374dcfdb;2020-01-02T19:00:00Z;59.84;59.84;59.84;59.82;10584;
81575098-df8a-45c4-82dc-1b64374dcfdb;2020-01-02T19:01:00Z;59.84;59.86;59.87;59.84;9976;
81575098-df8a-45c4-82dc-1b64374dcfdb;2020-01-02T19:02:00Z;59.86;59.89;59.89;59.86;17944;
81575098-df8a-45c4-82dc-1b64374dcfdb;2020-01-02T19:03:00Z;59.89;59.86;59.9;59.86;6308;
81575098-df8a-45c4-82dc-1b64374dcfdb;2020-01-02T19:04:00Z;59.87;59.88;59.89;59.87;3916;
81575098-df8a-45c4-82dc-1b64374dcfdb;2020-01-02T19:05:00Z;59.88;59.89;59.9;59.88;5440;
81575098-df8a-45c4-82dc-1b64374dcfdb;2020-01-02T19:06:00Z;59.9;59.9;59.91;59.9;4804;
81575098-df8a-45c4-82dc-1b64374dcfdb;2020-01-02T19:07:00Z;59.9;59.88;59.9;59.88;5280;
81575098-df8a-45c4-82dc-1b64374dcfdb;2020-01-02T19:08:00Z;59.88;59.88;59.89;59.87;12708;
81575098-df8a-45c4-82dc-1b64374dcfdb;2020-01-02T19:09:00Z;59.88;59.88;59.89;59.88;5152;
81575098-df8a-45c4-82dc-1b64374dcfdb;2020-01-02T19:10:00Z;59.88;59.88;59.89;59.88;2728;
81575098-df8a-45c4-82dc-1b64374dcfdb;2020-01-02T19:11:00Z;59.89;59.89;59.89;59.88;5340;
81575098-df8a-45c4-82dc-1b64374dcfdb;2020-01-02T19:12:00Z;59.89;59.9;59.92;59.89;12476;
81575098-df8a-45c4-82dc-1b64374dcfdb;2020-01-02T19:13:00Z;59.89;59.89;59.9;59.88;4112;
81575098-df8a-45c4-82dc-1b64374dcfdb;2020-01-02T19:14:00Z;59.89;59.9;59.9;59.88;2312;
81575098-df8a-45c4-82dc-1b64374dcfdb;2020-01-02T19:15:00Z;59.9;59.91;59.92;59.89;4572;
81575098-df8a-45c4-82dc-1b64374dcfdb;2020-01-02T19:16:00Z;59.92;59.89;59.92;59.88;6720;
81575098-df8a-45c4-82dc-1b64374dcfdb;2020-01-02T19:17:00Z;59.9;59.92;59.92;59.9;4404;
81575098-df8a-45c4-82dc-1b64374dcfdb;2020-01-02T19:18:00Z;59.93;59.94;59.94;59.93;7392;
81575098-df8a-45c4-82dc-1b64374dcfdb;2020-01-02T19:19:00Z;59.94;59.96;59.97;59.94;11344;
81575098-df8a-45c4-82dc-1b64374dcfdb;2020-01-02T19:20:00Z;59.96;59.95;59.96;59.93;10620;
81575098-df8a-45c4-82dc-1b64374dcfdb;2020-01-02T19:21:00Z;59.95;59.95;59.96;59.95;4816;
81575098-df8a-45c4-82dc-1b64374dcfdb;2020-01-02T19:22:00Z;59.95;59.93;59.96;59.93;5540;
81575098-df8a-45c4-82dc-1b64374dcfdb;2020-01-02T19:23:00Z;59.94;59.94;59.94;59.92;4092;
81575098-df8a-45c4-82dc-1b64374dcfdb;2020-01-02T19:24:00Z;59.93;59.96;59.96;59.93;5836;
81575098-df8a-45c4-82dc-1b64374dcfdb;2020-01-02T19:25:00Z;59.96;59.93;59.96;59.93;5008;
81575098-df8a-45c4-82dc-1b64374dcfdb;2020-01-02T19:26:00Z;59.93;59.94;59.94;59.93;2840;
81575098-df8a-45c4-82dc-1b64374dcfdb;2020-01-02T19:27:00Z;59.94;59.95;59.97;59.94;7292;
81575098-df8a-45c4-82dc-1b64374dcfdb;2020-01-02T19:28:00Z;59.95;59.94;59.96;59.94;2468;
81575098-df8a-45c4-82dc-1b64374dcfdb;2020-01-02T19:29:00Z;59.93;59.94;59.96;59.93;10420;
81575098-df8a-45c4-82dc-1b64374dcfdb;2020-01-02T19:30:00Z;59.94;59.92;59.95;59.92;4992;
81575098-df8a-45c4-82dc-1b64374dcfdb;2020-01-02T19:31:00Z;59.92;59.9;59.92;59.9;5892;
81575098-df8a-45c4-82dc-1b64374dcfdb;2020-01-02T19:32:00Z;59.9;59.89;59.91;59.88;8968;
81575098-df8a-45c4-82dc-1b64374dcfdb;2020-01-02T19:33:00Z;59.89;59.91;59.91;59.89;4280;
81575098-df8a-45c4-82dc-1b64374dcfdb;2020-01-02T19:34:00Z;59.91;59.9;59.91;59.9;3212;
81575098-df8a-45c4-82dc-1b64374dcfdb;2020-01-02T19:35:00Z;59.9;59.89;59.9;59.88;3820;
81575098-df8a-45c4-82dc-1b64374dcfdb;2020-01-02T19:36:00Z;59.9;59.9;59.91;59.89;5124;
81575098-df8a-45c4-82dc-1b64374dcfdb;2020-01-02T19:37:00Z;59.89;59.89;59.9;59.88;4852;
81575098-df8a-45c4-82dc-1b64374dcfdb;2020-01-02T19:38:00Z;59.89;59.89;59.91;59.89;8196;
81575098-df8a-45c4-82dc-1b64374dcfdb;2020-01-02T19:39:00Z;59.9;59.9;59.91;59.89;1428;
81575098-df8a-45c4-82dc-1b64374dcfdb;2020-01-02T19:40:00Z;59.9;59.91;59.92;59.9;4652;
81575098-df8a-45c4-82dc-1b64374dcfdb;2020-01-02T19:41:00Z;59.92;59.91;59.94;59.91;6796;
81575098-df8a-45c4-82dc-1b64374dcfdb;2020-01-02T19:42:00Z;59.91;59.94;59.94;59.91;3724;
81575098-df8a-45c4-82dc-1b64374dcfdb;2020-01-02T19:43:00Z;59.93;59.95;59.95;59.93;9384;
81575098-df8a-45c4-82dc-1b64374dcfdb;2020-01-02T19:44:00Z;59.95;59.92;59.97;59.92;13920;
81575098-df8a-45c4-82dc-1b64374dcfdb;2020-01-02T19:45:00Z;59.93;59.92;59.93;59.92;6832;
81575098-df8a-45c4-82dc-1b64374dcfdb;2020-01-02T19:46:00Z;59.92;59.92;59.93;59.91;3696;
81575098-df8a-45c4-82dc-1b64374dcfdb;2020-01-02T19:47:00Z;59.92;59.92;59.92;59.92;5656;
81575098-df8a-45c4-82dc-1b64374dcfdb;2020-01-02T19:48:00Z;59.92;59.91;59.92;59.91;7680;
81575098-df8a-45c4-82dc-1b64374dcfdb;2020-01-02T19:49:00Z;59.92;59.93;59.93;59.91;9344;
81575098-df8a-45c4-82dc-1b64374dcfdb;2020-01-02T19:50:00Z;59.93;59.93;59.93;59.92;6528;
81575098-df8a-45c4-82dc-1b64374dcfdb;2020-01-02T19:51:00Z;59.93;59.93;59.94;59.92;5872;
81575098-df8a-45c4-82dc-1b64374dcfdb;2020-01-02T19:52:00Z;59.93;59.91;59.93;59.91;6328;
81575098-df8a-45c4-82dc-1b64374dcfdb;2020-01-02T19:53:00Z;59.92;59.91;59.93;59.91;4852;
81575098-df8a-45c4-82dc-1b64374dcfdb;2020-01-02T19:54:00Z;59.91;59.92;59.92;59.91;3684;
81575098-df8a-45c4-82dc-1b64374dcfdb;2020-01-02T19:55:00Z;59.92;59.93;59.93;59.92;8088;
81575098-df8a-45c4-82dc-1b64374dcfdb;2020-01-02T19:56:00Z;59.93;59.9;59.93;59.89;4820;
81575098-df8a-45c4-82dc-1b64374dcfdb;2020-01-02T19:57:00Z;59.9;59.88;59.91;59.88;7932;
81575098-df8a-45c4-82dc-1b64374dcfdb;2020-01-02T19:58:00Z;59.88;59.87;59.88;59.87;4296;
81575098-df8a-45c4-82dc-1b64374dcfdb;2020-01-02T19:59:00Z;59.87;59.87;59.87;59.84;4840;
81575098-df8a-45c4-82dc-1b64374dcfdb;2020-01-02T20:00:00Z;59.88;59.9;59.9;59.88;3888;
81575098-df8a-45c4-82dc-1b64374dcfdb;2020-01-02T20:01:00Z;59.91;59.9;59.91;59.89;3924;
81575098-df8a-45c4-82dc-1b64374dcfdb;2020-01-02T20:02:00Z;59.9;59.92;59.92;59.9;3108;
81575098-df8a-45c4-82dc-1b64374dcfdb;2020-01-02T20:03:00Z;59.91;59.91;59.91;59.9;2084;
81575098-df8a-45c4-82dc-1b64374dcfdb;2020-01-02T20:04:00Z;59.91;59.89;59.91;59.87;8880;
81575098-df8a-45c4-82dc-1b64374dcfdb;2020-01-02T20:05:00Z;59.89;59.85;59.89;59.85;5680;
81575098-df8a-45c4-82dc-1b64374dcfdb;2020-01-02T20:06:00Z;59.86;59.88;59.88;59.86;6112;
81575098-df8a-45c4-82dc-1b64374dcfdb;2020-01-02T20:07:00Z;59.88;59.87;59.89;59.86;5368;
81575098-df8a-45c4-82dc-1b64374dcfdb;2020-01-02T20:08:00Z;59.88;59.86;59.88;59.86;2388;
81575098-df8a-45c4-82dc-1b64374dcfdb;2020-01-02T20:09:00Z;59.87;59.84;59.87;59.84;13064;
81575098-df8a-45c4-82dc-1b64374dcfdb;2020-01-02T20:10:00Z;59.84;59.87;59.88;59.84;1812;
81575098-df8a-45c4-82dc-1b64374dcfdb;2020-01-02T20:11:00Z;59.88;59.88;59.88;59.87;5384;
81575098-df8a-45c4-82dc-1b64374dcfdb;2020-01-02T20:12:00Z;59.89;59.9;59.9;59.89;14900;
81575098-df8a-45c4-82dc-1b64374dcfdb;2020-01-02T20:13:00Z;59.91;59.91;59.91;59.89;4640;
81575098-df8a-45c4-82dc-1b64374dcfdb;2020-01-02T20:14:00Z;59.9;59.88;59.91;59.88;9492;
81575098-df8a-45c4-82dc-1b64374dcfdb;2020-01-02T20:15:00Z;59.88;59.9;59.9;59.86;45132;
81575098-df8a-45c4-82dc-1b64374dcfdb;2020-01-02T20:16:00Z;59.9;59.92;59.93;59.9;22692;
81575098-df8a-45c4-82dc-1b64374dcfdb;2020-01-02T20:17:00Z;59.92;59.91;59.92;59.91;13048;
81575098-df8a-45c4-82dc-1b64374dcfdb;2020-01-02T20:18:00Z;59.91;59.9;59.91;59.9;3632;
81575098-df8a-45c4-82dc-1b64374dcfdb;2020-01-02T20:19:00Z;59.9;59.86;59.9;59.85;10864;
81575098-df8a-45c4-82dc-1b64374dcfdb;2020-01-02T20:20:00Z;59.87;59.86;59.87;59.84;5588;
81575098-df8a-45c4-82dc-1b64374dcfdb;2020-01-02T20:21:00Z;59.86;59.88;59.88;59.86;1960;
81575098-df8a-45c4-82dc-1b64374dcfdb;2020-01-02T20:22:00Z;59.89;59.9;59.9;59.89;1892;
81575098-df8a-45c4-82dc-1b64374dcfdb;2020-01-02T20:23:00Z;59.9;59.89;59.91;59.88;13236;
81575098-df8a-45c4-82dc-1b64374dcfdb;2020-01-02T20:24:00Z;59.9;59.88;59.9;59.88;2568;
81575098-df8a-45c4-82dc-1b64374dcfdb;2020-01-02T20:25:00Z;59.88;59.86;59.88;59.86;5236;
81575098-df8a-45c4-82dc-1b64374dcfdb;2020-01-02T20:26:00Z;59.85;59.86;59.87;59.85;2448;
81575098-df8a-45c4-82dc-1b64374dcfdb;2020-01-02T20:27:00Z;59.85;59.85;59.85;59.83;5788;
81575098-df8a-45c4-82dc-1b64374dcfdb;2020-01-02T20:28:00Z;59.85;59.84;59.86;59.84;6084;
81575098-df8a-45c4-82dc-1b64374dcfdb;2020-01-02T20:29:00Z;59.84;59.81;59.84;59.79;20832;
81575098-df8a-45c4-82dc-1b64374dcfdb;2020-01-02T20:30:00Z;59.81;59.82;59.85;59.81;14312;
81575098-df8a-45c4-82dc-1b64374dcfdb;2020-01-02T20:31:00Z;59.83;59.84;59.85;59.83;3940;
81575098-df8a-45c4-82dc-1b64374dcfdb;2020-01-02T20:32:00Z;59.85;59.84;59.85;59.84;5984;
81575098-df8a-45c4-82dc-1b64374dcfdb;2020-01-02T20:33:00Z;59.85;59.85;59.86;59.83;4756;
81575098-df8a-45c4-82dc-1b64374dcfdb;2020-01-02T20:34:00Z;59.85;59.86;59.86;59.84;7980;
81575098-df8a-45c4-82dc-1b64374dcfdb;2020-01-02T20:35:00Z;59.86;59.85;59.86;59.84;5432;
81575098-df8a-45c4-82dc-1b64374dcfdb;2020-01-02T20:36:00Z;59.85;59.85;59.87;59.83;10164;
81575098-df8a-45c4-82dc-1b64374dcfdb;2020-01-02T20:37:00Z;59.85;59.85;59.86;59.85;6344;
81575098-df8a-45c4-82dc-1b64374dcfdb;2020-01-02T20:38:00Z;59.86;59.89;59.89;59.86;9644;
81575098-df8a-45c4-82dc-1b64374dcfdb;2020-01-02T20:39:00Z;59.89;59.85;59.89;59.85;8348;
81575098-df8a-45c4-82dc-1b64374dcfdb;2020-01-02T20:40:00Z;59.86;59.84;59.86;59.82;9516;
81575098-df8a-45c4-82dc-1b64374dcfdb;2020-01-02T20:41:00Z;59.84;59.85;59.85;59.83;7368;
81575098-df8a-45c4-82dc-1b64374dcfdb;2020-01-02T20:42:00Z;59.85;59.85;59.85;59.84;9232;
81575098-df8a-45c4-82dc-1b64374dcfdb;2020-01-02T20:43:00Z;59.84;59.85;59.87;59.84;11388;
81575098-df8a-45c4-82dc-1b64374dcfdb;2020-01-02T20:44:00Z;59.85;59.86;59.87;59.85;13284;
81575098-df8a-45c4-82dc-1b64374dcfdb;2020-01-02T20:45:00Z;59.86;59.84;59.86;59.83;13304;
81575098-df8a-45c4-82dc-1b64374dcfdb;2020-01-02T20:46:00Z;59.85;59.84;59.85;59.83;9300;
81575098-df8a-45c4-82dc-1b64374dcfdb;2020-01-02T20:47:00Z;59.84;59.85;59.85;59.83;8032;
81575098-df8a-45c4-82dc-1b64374dcfdb;2020-01-02T20:48:00Z;59.86;59.84;59.86;59.83;12880;
81575098-df8a-45c4-82dc-1b64374dcfdb;2020-01-02T20:49:00Z;59.83;59.83;59.83;59.8;12708;
81575098-df8a-45c4-82dc-1b64374dcfdb;2020-01-02T20:50:00Z;59.84;59.85;59.87;59.83;33660;
81575098-df8a-45c4-82dc-1b64374dcfdb;2020-01-02T20:51:00Z;59.85;59.85;59.86;59.84;21456;
81575098-df8a-45c4-82dc-1b64374dcfdb;2020-01-02T20:52:00Z;59.86;59.87;59.87;59.85;21072;
81575098-df8a-45c4-82dc-1b64374dcfdb;2020-01-02T20:53:00Z;59.85;59.85;59.87;59.84;20308;
81575098-df8a-45c4-82dc-1b64374dcfdb;2020-01-02T20:54:00Z;59.85;59.86;59.87;59.85;25976;
81575098-df8a-45c4-82dc-1b64374dcfdb;2020-01-02T20:55:00Z;59.87;59.88;59.91;59.85;48256;
81575098-df8a-45c4-82dc-1b64374dcfdb;2020-01-02T20:56:00Z;59.88;59.9;59.91;59.87;34980;
81575098-df8a-45c4-82dc-1b64374dcfdb;2020-01-02T20:57:00Z;59.9;59.91;59.92;59.89;35572;
81575098-df8a-45c4-82dc-1b64374dcfdb;2020-01-02T20:58:00Z;59.92;59.94;59.95;59.91;79868;
81575098-df8a-45c4-82dc-1b64374dcfdb;2020-01-02T20:59:00Z;59.95;59.98;59.98;59.93;207628;
81575098-df8a-45c4-82dc-1b64374dcfdb;2020-01-02T21:00:00Z;59.98;59.98;59.98;59.98;973132;
81575098-df8a-45c4-82dc-1b64374dcfdb;2020-01-02T21:03:00Z;59.92;59.92;59.92;59.92;40;
81575098-df8a-45c4-82dc-1b64374dcfdb;2020-01-02T21:08:00Z;59.98;59.98;59.98;59.98;800;
81575098-df8a-45c4-82dc-1b64374dcfdb;2020-01-02T21:10:00Z;59.98;59.98;59.98;59.98;4;
81575098-df8a-45c4-82dc-1b64374dcfdb;2020-01-02T21:27:00Z;59.97;59.97;59.97;59.97;4;
81575098-df8a-45c4-82dc-1b64374dcfdb;2020-01-02T21:31:00Z;59.97;59.97;59.97;59.97;4;
81575098-df8a-45c4-82dc-1b64374dcfdb;2020-01-02T21:34:00Z;59.97;59.97;59.97;59.97;8;
81575098-df8a-45c4-82dc-1b64374dcfdb;2020-01-02T21:39:00Z;59.97;59.97;59.97;59.97;4;
81575098-df8a-45c4-82dc-1b64374dcfdb;2020-01-02T21:41:00Z;59.98;59.98;59.98;59.98;556;
81575098-df8a-45c4-82dc-1b64374dcfdb;2020-01-02T21:43:00Z;59.98;59.98;59.98;59.98;136;
81575098-df8a-45c4-82dc-1b64374dcfdb;2020-01-02T21:44:00Z;59.98;60;60;59.98;584;
81575098-df8a-45c4-82dc-1b64374dcfdb;2020-01-02T21:45:00Z;60;60.03;60.03;59.97;13396;
81575098-df8a-45c4-82dc-1b64374dcfdb;2020-01-02T21:49:00Z;60.01;60.01;60.01;60.01;100;
81575098-df8a-45c4-82dc-1b64374dcfdb;2020-01-02T21:53:00Z;60.02;60.02;60.02;60.02;800;
81575098-df8a-45c4-82dc-1b64374dcfdb;2020-01-02T21:54:00Z;60.03;60.03;60.03;60.03;4;
81575098-df8a-45c4-82dc-1b64374dcfdb;2020-01-02T21:55:00Z;60.02;60.02;60.02;60.02;156;
81575098-df8a-45c4-82dc-1b64374dcfdb;2020-01-02T21:58:00Z;60.02;60.02;60.02;60.02;428;
81575098-df8a-45c4-82dc-1b64374dcfdb;2020-01-02T21:59:00Z;60.02;60.02;60.02;60.02;800;
81575098-df8a-45c4-82dc-1b64374dcfdb;2020-01-02T22:00:00Z;60;60.02;60.02;60;620;
81575098-df8a-45c4-82dc-1b64374dcfdb;2020-01-02T22:01:00Z;60.02;60.02;60.02;60.02;28;
81575098-df8a-45c4-82dc-1b64374dcfdb;2020-01-02T22:02:00Z;60.02;60.02;60.02;60.02;20;
81575098-df8a-45c4-82dc-1b64374dcfdb;2020-01-02T22:03:00Z;60.02;60.02;60.02;60.02;60;
81575098-df8a-45c4-82dc-1b64374dcfdb;2020-01-02T22:04:00Z;60.02;60.02;60.02;60;576;
81575098-df8a-45c4-82dc-1b64374dcfdb;2020-01-02T22:06:00Z;60.02;60.02;60.02;60.02;8;
81575098-df8a-45c4-82dc-1b64374dcfdb;2020-01-02T22:07:00Z;60.02;60.02;60.02;60.02;32;
81575098-df8a-45c4-82dc-1b64374dcfdb;2020-01-02T22:11:00Z;60.03;60.03;60.03;60.03;8;
81575098-df8a-45c4-82dc-1b64374dcfdb;2020-01-02T22:12:00Z;60.02;60.02;60.02;60.02;32;
81575098-df8a-45c4-82dc-1b64374dcfdb;2020-01-02T22:13:00Z;60.02;60.02;60.02;60.02;80;
81575098-df8a-45c4-82dc-1b64374dcfdb;2020-01-02T22:14:00Z;60.02;60.02;60.02;60.02;16;
81575098-df8a-45c4-82dc-1b64374dcfdb;2020-01-02T22:15:00Z;60.02;60.02;60.02;60.02;520;
81575098-df8a-45c4-82dc-1b64374dcfdb;2020-01-02T22:16:00Z;60.02;60.02;60.02;60.02;36;
81575098-df8a-45c4-82dc-1b64374dcfdb;2020-01-02T22:17:00Z;60.02;60.01;60.02;60.01;32;
81575098-df8a-45c4-82dc-1b64374dcfdb;2020-01-02T22:19:00Z;60.02;60.02;60.02;60.02;4;
81575098-df8a-45c4-82dc-1b64374dcfdb;2020-01-02T22:20:00Z;60.02;60.02;60.02;60.02;96;
81575098-df8a-45c4-82dc-1b64374dcfdb;2020-01-02T22:21:00Z;60.02;60.02;60.02;60.02;64;
81575098-df8a-45c4-82dc-1b64374dcfdb;2020-01-02T22:22:00Z;60.02;60.02;60.02;60.02;44;
81575098-df8a-45c4-82dc-1b64374dcfdb;2020-01-02T22:23:00Z;60.01;60.01;60.01;60;1164;
81575098-df8a-45c4-82dc-1b64374dcfdb;2020-01-02T22:24:00Z;60;60;60;60;40;
81575098-df8a-45c4-82dc-1b64374dcfdb;2020-01-02T22:26:00Z;59.98;59.98;59.98;59.98;204;
81575098-df8a-45c4-82dc-1b64374dcfdb;2020-01-02T22:27:00Z;60.02;60.02;60.02;60.02;96;
81575098-df8a-45c4-82dc-1b64374dcfdb;2020-01-02T22:28:00Z;60.02;60.02;60.02;60.02;4;
81575098-df8a-45c4-82dc-1b64374dcfdb;2020-01-02T22:30:00Z;60;60.02;60.02;60;620;
81575098-df8a-45c4-82dc-1b64374dcfdb;2020-01-02T22:34:00Z;60.02;60.02;60.02;60.02;800;
81575098-df8a-45c4-82dc-1b64374dcfdb;2020-01-02T22:35:00Z;59.98;59.98;59.98;59.98;4;
81575098-df8a-45c4-82dc-1b64374dcfdb;2020-01-02T22:36:00Z;60.02;60.02;60.02;60.02;40;
81575098-df8a-45c4-82dc-1b64374dcfdb;2020-01-02T22:37:00Z;60.02;60.02;60.02;60.02;124;
81575098-df8a-45c4-82dc-1b64374dcfdb;2020-01-02T22:38:00Z;60.02;60.02;60.02;60.02;40;
81575098-df8a-45c4-82dc-1b64374dcfdb;2020-01-02T22:39:00Z;60.02;60.02;60.02;60.02;68;
81575098-df8a-45c4-82dc-1b64374dcfdb;2020-01-02T22:43:00Z;60.01;60.01;60.01;60.01;8;
