fd417230-19cf-4e7b-9623-f7c9ca18ec6b;2020-01-03T07:00:00Z;453.75;454.05;454.35;453.35;4768;
fd417230-19cf-4e7b-9623-f7c9ca18ec6b;2020-01-03T07:01:00Z;454.05;453.75;455;453.5;4215;
fd417230-19cf-4e7b-9623-f7c9ca18ec6b;2020-01-03T07:02:00Z;453.6;454.25;454.25;453.6;613;
fd417230-19cf-4e7b-9623-f7c9ca18ec6b;2020-01-03T07:03:00Z;454.25;453.9;454.3;453.35;1089;
fd417230-19cf-4e7b-9623-f7c9ca18ec6b;2020-01-03T07:04:00Z;454.05;454.35;454.35;454;1122;
fd417230-19cf-4e7b-9623-f7c9ca18ec6b;2020-01-03T07:05:00Z;454.25;454.25;454.35;454.05;198;
fd417230-19cf-4e7b-9623-f7c9ca18ec6b;2020-01-03T07:06:00Z;454.35;454.35;454.35;454.1;235;
fd417230-19cf-4e7b-9623-f7c9ca18ec6b;2020-01-03T07:07:00Z;454.35;454.45;454.6;454.35;712;
fd417230-19cf-4e7b-9623-f7c9ca18ec6b;2020-01-03T07:08:00Z;454.5;454.75;454.75;454.45;1466;
fd417230-19cf-4e7b-9623-f7c9ca18ec6b;2020-01-03T07:09:00Z;454.7;454.6;454.85;454.4;904;
fd417230-19cf-4e7b-9623-f7c9ca18ec6b;2020-01-03T07:10:00Z;454.6;454.3;454.7;454.2;895;
fd417230-19cf-4e7b-9623-f7c9ca18ec6b;2020-01-03T07:11:00Z;454.45;454.25;454.55;454;658;
fd417230-19cf-4e7b-9623-f7c9ca18ec6b;2020-01-03T07:12:00Z;454.25;455;455.1;454.25;2163;
fd417230-19cf-4e7b-9623-f7c9ca18ec6b;2020-01-03T07:13:00Z;454.85;454.95;454.95;454.85;104;
fd417230-19cf-4e7b-9623-f7c9ca18ec6b;2020-01-03T07:14:00Z;454.95;454.95;455;454.65;519;
fd417230-19cf-4e7b-9623-f7c9ca18ec6b;2020-01-03T07:15:00Z;454.95;454.6;454.95;454.5;237;
fd417230-19cf-4e7b-9623-f7c9ca18ec6b;2020-01-03T07:16:00Z;454.5;454.5;454.6;454.4;64;
fd417230-19cf-4e7b-9623-f7c9ca18ec6b;2020-01-03T07:17:00Z;454.5;454.25;454.5;454.1;606;
fd417230-19cf-4e7b-9623-f7c9ca18ec6b;2020-01-03T07:18:00Z;454.1;454.3;454.5;454.1;265;
fd417230-19cf-4e7b-9623-f7c9ca18ec6b;2020-01-03T07:19:00Z;454.3;454.05;454.4;454;1724;
fd417230-19cf-4e7b-9623-f7c9ca18ec6b;2020-01-03T07:20:00Z;454.1;454.5;454.5;454.05;377;
fd417230-19cf-4e7b-9623-f7c9ca18ec6b;2020-01-03T07:21:00Z;454.45;454.5;454.5;454.25;129;
fd417230-19cf-4e7b-9623-f7c9ca18ec6b;2020-01-03T07:22:00Z;454.5;454.65;454.65;454.5;231;
fd417230-19cf-4e7b-9623-f7c9ca18ec6b;2020-01-03T07:23:00Z;454.6;454.6;454.65;454.5;75;
fd417230-19cf-4e7b-9623-f7c9ca18ec6b;2020-01-03T07:24:00Z;454.65;454.6;454.7;454.5;128;
fd417230-19cf-4e7b-9623-f7c9ca18ec6b;2020-01-03T07:25:00Z;454.6;454.55;454.65;454.5;609;
fd417230-19cf-4e7b-9623-f7c9ca18ec6b;2020-01-03T07:26:00Z;454.7;454.85;454.85;454.7;96;
fd417230-19cf-4e7b-9623-f7c9ca18ec6b;2020-01-03T07:27:00Z;454.85;455;455.1;454.65;3558;
fd417230-19cf-4e7b-9623-f7c9ca18ec6b;2020-01-03T07:28:00Z;455;455.1;455.1;455;614;
fd417230-19cf-4e7b-9623-f7c9ca18ec6b;2020-01-03T07:29:00Z;455.1;455.15;455.15;455.05;1409;
fd417230-19cf-4e7b-9623-f7c9ca18ec6b;2020-01-03T07:30:00Z;455.15;455.05;455.15;455.05;196;
fd417230-19cf-4e7b-9623-f7c9ca18ec6b;2020-01-03T07:31:00Z;455.05;455.05;455.15;455.05;57;
fd417230-19cf-4e7b-9623-f7c9ca18ec6b;2020-01-03T07:32:00Z;455.1;455.1;455.1;455.05;224;
fd417230-19cf-4e7b-9623-f7c9ca18ec6b;2020-01-03T07:33:00Z;455.1;455.2;455.3;455.1;879;
fd417230-19cf-4e7b-9623-f7c9ca18ec6b;2020-01-03T07:34:00Z;455.25;455.25;455.3;455.15;995;
fd417230-19cf-4e7b-9623-f7c9ca18ec6b;2020-01-03T07:35:00Z;455.3;455.2;455.3;455.2;45;
fd417230-19cf-4e7b-9623-f7c9ca18ec6b;2020-01-03T07:36:00Z;455.2;455.15;455.3;455.15;410;
fd417230-19cf-4e7b-9623-f7c9ca18ec6b;2020-01-03T07:37:00Z;455.15;455.35;455.4;455.15;2508;
fd417230-19cf-4e7b-9623-f7c9ca18ec6b;2020-01-03T07:38:00Z;455.35;455.35;455.35;455.3;333;
fd417230-19cf-4e7b-9623-f7c9ca18ec6b;2020-01-03T07:39:00Z;455.35;455.35;455.35;455.3;339;
fd417230-19cf-4e7b-9623-f7c9ca18ec6b;2020-01-03T07:40:00Z;455.35;455.35;455.35;455.3;237;
fd417230-19cf-4e7b-9623-f7c9ca18ec6b;2020-01-03T07:41:00Z;455.35;455.3;455.35;455.3;114;
fd417230-19cf-4e7b-9623-f7c9ca18ec6b;2020-01-03T07:42:00Z;455.35;455.35;455.35;455.3;4;
fd417230-19cf-4e7b-9623-f7c9ca18ec6b;2020-01-03T07:43:00Z;455.35;455.3;455.35;455.3;586;
fd417230-19cf-4e7b-9623-f7c9ca18ec6b;2020-01-03T07:44:00Z;455.35;455.35;455.4;455.3;643;
fd417230-19cf-4e7b-9623-f7c9ca18ec6b;2020-01-03T07:45:00Z;455.4;455.5;455.95;455.35;3835;
fd417230-19cf-4e7b-9623-f7c9ca18ec6b;2020-01-03T07:46:00Z;455.45;455.45;455.5;455.35;138;
fd417230-19cf-4e7b-9623-f7c9ca18ec6b;2020-01-03T07:47:00Z;455.35;455.3;455.45;455.3;455;
fd417230-19cf-4e7b-9623-f7c9ca18ec6b;2020-01-03T07:48:00Z;455.3;455.25;455.3;454.85;1842;
fd417230-19cf-4e7b-9623-f7c9ca18ec6b;2020-01-03T07:49:00Z;455;454.8;455;454.75;188;
fd417230-19cf-4e7b-9623-f7c9ca18ec6b;2020-01-03T07:50:00Z;454.75;454.15;454.75;453.6;1258;
fd417230-19cf-4e7b-9623-f7c9ca18ec6b;2020-01-03T07:51:00Z;454.25;454.05;454.25;453.75;144;
fd417230-19cf-4e7b-9623-f7c9ca18ec6b;2020-01-03T07:52:00Z;454.05;454.45;454.45;454;340;
fd417230-19cf-4e7b-9623-f7c9ca18ec6b;2020-01-03T07:53:00Z;454.4;454.35;454.55;454.25;101;
fd417230-19cf-4e7b-9623-f7c9ca18ec6b;2020-01-03T07:54:00Z;454.35;454.25;454.45;454.25;28;
fd417230-19cf-4e7b-9623-f7c9ca18ec6b;2020-01-03T07:55:00Z;454.25;454.45;454.7;454.25;1604;
fd417230-19cf-4e7b-9623-f7c9ca18ec6b;2020-01-03T07:56:00Z;454.7;454.7;454.9;454.55;72;
fd417230-19cf-4e7b-9623-f7c9ca18ec6b;2020-01-03T07:57:00Z;454.5;454.5;454.65;454.5;9;
fd417230-19cf-4e7b-9623-f7c9ca18ec6b;2020-01-03T07:58:00Z;454.5;454.5;454.7;454.5;317;
fd417230-19cf-4e7b-9623-f7c9ca18ec6b;2020-01-03T07:59:00Z;454.55;454.65;454.65;454.5;182;
fd417230-19cf-4e7b-9623-f7c9ca18ec6b;2020-01-03T08:00:00Z;454.65;455.6;455.6;454.65;4573;
fd417230-19cf-4e7b-9623-f7c9ca18ec6b;2020-01-03T08:01:00Z;455.55;455.5;455.6;455.15;1061;
fd417230-19cf-4e7b-9623-f7c9ca18ec6b;2020-01-03T08:02:00Z;455.25;455.2;455.5;455;99;
fd417230-19cf-4e7b-9623-f7c9ca18ec6b;2020-01-03T08:03:00Z;455.3;455.25;455.6;455.2;1100;
fd417230-19cf-4e7b-9623-f7c9ca18ec6b;2020-01-03T08:04:00Z;455.45;455.35;455.55;455.15;364;
fd417230-19cf-4e7b-9623-f7c9ca18ec6b;2020-01-03T08:05:00Z;455.5;456;456;455.45;18552;
fd417230-19cf-4e7b-9623-f7c9ca18ec6b;2020-01-03T08:06:00Z;456;455.95;456;455.8;4618;
fd417230-19cf-4e7b-9623-f7c9ca18ec6b;2020-01-03T08:07:00Z;455.9;455.75;456;455.5;821;
fd417230-19cf-4e7b-9623-f7c9ca18ec6b;2020-01-03T08:08:00Z;455.75;455.75;455.85;455.65;179;
fd417230-19cf-4e7b-9623-f7c9ca18ec6b;2020-01-03T08:09:00Z;455.7;455.75;456;455.6;1350;
fd417230-19cf-4e7b-9623-f7c9ca18ec6b;2020-01-03T08:10:00Z;455.95;455.95;456;455.8;948;
fd417230-19cf-4e7b-9623-f7c9ca18ec6b;2020-01-03T08:11:00Z;456;455.9;456;455.75;8672;
fd417230-19cf-4e7b-9623-f7c9ca18ec6b;2020-01-03T08:12:00Z;456;455.9;456;455.85;66;
fd417230-19cf-4e7b-9623-f7c9ca18ec6b;2020-01-03T08:13:00Z;455.9;455.5;455.95;455.5;933;
fd417230-19cf-4e7b-9623-f7c9ca18ec6b;2020-01-03T08:14:00Z;455.65;455.65;455.8;455.55;421;
fd417230-19cf-4e7b-9623-f7c9ca18ec6b;2020-01-03T08:15:00Z;455.7;455.75;455.95;455.2;2628;
fd417230-19cf-4e7b-9623-f7c9ca18ec6b;2020-01-03T08:16:00Z;455.9;455.7;456;455.7;1660;
fd417230-19cf-4e7b-9623-f7c9ca18ec6b;2020-01-03T08:17:00Z;455.65;455.75;455.8;455.55;196;
fd417230-19cf-4e7b-9623-f7c9ca18ec6b;2020-01-03T08:18:00Z;455.65;455.7;456;455.65;1290;
fd417230-19cf-4e7b-9623-f7c9ca18ec6b;2020-01-03T08:19:00Z;455.75;455.5;455.75;455.35;964;
fd417230-19cf-4e7b-9623-f7c9ca18ec6b;2020-01-03T08:20:00Z;455.55;455.65;455.7;455.55;43;
fd417230-19cf-4e7b-9623-f7c9ca18ec6b;2020-01-03T08:21:00Z;455.6;454.95;455.6;454.85;854;
fd417230-19cf-4e7b-9623-f7c9ca18ec6b;2020-01-03T08:22:00Z;454.95;455.4;455.45;454.95;541;
fd417230-19cf-4e7b-9623-f7c9ca18ec6b;2020-01-03T08:23:00Z;455.25;455.5;455.5;455.25;196;
fd417230-19cf-4e7b-9623-f7c9ca18ec6b;2020-01-03T08:24:00Z;455.35;455.3;455.45;455.25;318;
fd417230-19cf-4e7b-9623-f7c9ca18ec6b;2020-01-03T08:25:00Z;455.5;455.75;455.75;455.4;297;
fd417230-19cf-4e7b-9623-f7c9ca18ec6b;2020-01-03T08:26:00Z;455.6;455.5;455.75;455.5;50;
fd417230-19cf-4e7b-9623-f7c9ca18ec6b;2020-01-03T08:27:00Z;455.5;455.5;455.6;455.5;11;
fd417230-19cf-4e7b-9623-f7c9ca18ec6b;2020-01-03T08:28:00Z;455.6;455.7;455.7;455.5;537;
fd417230-19cf-4e7b-9623-f7c9ca18ec6b;2020-01-03T08:29:00Z;455.6;455.8;456;455.6;961;
fd417230-19cf-4e7b-9623-f7c9ca18ec6b;2020-01-03T08:30:00Z;455.8;455.55;455.9;455.45;845;
fd417230-19cf-4e7b-9623-f7c9ca18ec6b;2020-01-03T08:31:00Z;455.55;455.55;455.65;455.2;387;
fd417230-19cf-4e7b-9623-f7c9ca18ec6b;2020-01-03T08:32:00Z;455.65;455.9;455.9;455.55;212;
fd417230-19cf-4e7b-9623-f7c9ca18ec6b;2020-01-03T08:33:00Z;455.75;455.7;455.9;455.7;127;
fd417230-19cf-4e7b-9623-f7c9ca18ec6b;2020-01-03T08:34:00Z;455.65;455.65;455.65;455.5;308;
fd417230-19cf-4e7b-9623-f7c9ca18ec6b;2020-01-03T08:35:00Z;455.55;455.8;456;455.55;2346;
fd417230-19cf-4e7b-9623-f7c9ca18ec6b;2020-01-03T08:36:00Z;455.7;455.3;455.7;455.25;841;
fd417230-19cf-4e7b-9623-f7c9ca18ec6b;2020-01-03T08:37:00Z;455.4;455.5;455.5;455.3;212;
fd417230-19cf-4e7b-9623-f7c9ca18ec6b;2020-01-03T08:38:00Z;455.35;455.3;455.55;455.25;509;
fd417230-19cf-4e7b-9623-f7c9ca18ec6b;2020-01-03T08:39:00Z;455.45;455.35;455.45;455;850;
fd417230-19cf-4e7b-9623-f7c9ca18ec6b;2020-01-03T08:40:00Z;455.4;455.75;455.8;455.4;185;
fd417230-19cf-4e7b-9623-f7c9ca18ec6b;2020-01-03T08:41:00Z;455.65;455.8;455.8;455.65;68;
fd417230-19cf-4e7b-9623-f7c9ca18ec6b;2020-01-03T08:42:00Z;455.85;456;456;455.7;2327;
fd417230-19cf-4e7b-9623-f7c9ca18ec6b;2020-01-03T08:43:00Z;455.9;455.9;456;455.8;2178;
fd417230-19cf-4e7b-9623-f7c9ca18ec6b;2020-01-03T08:44:00Z;455.85;455.75;455.9;455.6;326;
fd417230-19cf-4e7b-9623-f7c9ca18ec6b;2020-01-03T08:45:00Z;455.7;455.7;455.7;455.4;1322;
fd417230-19cf-4e7b-9623-f7c9ca18ec6b;2020-01-03T08:46:00Z;455.6;455.95;455.95;455.6;403;
fd417230-19cf-4e7b-9623-f7c9ca18ec6b;2020-01-03T08:47:00Z;455.9;455.95;456;455.9;342;
fd417230-19cf-4e7b-9623-f7c9ca18ec6b;2020-01-03T08:48:00Z;456;455.85;456;455.85;1049;
fd417230-19cf-4e7b-9623-f7c9ca18ec6b;2020-01-03T08:49:00Z;455.9;455.95;456;455.9;71;
fd417230-19cf-4e7b-9623-f7c9ca18ec6b;2020-01-03T08:50:00Z;456;456;456;455.85;1545;
fd417230-19cf-4e7b-9623-f7c9ca18ec6b;2020-01-03T08:51:00Z;455.85;455.9;456;455.85;1111;
fd417230-19cf-4e7b-9623-f7c9ca18ec6b;2020-01-03T08:52:00Z;455.85;456.35;456.4;455.8;11804;
fd417230-19cf-4e7b-9623-f7c9ca18ec6b;2020-01-03T08:53:00Z;456.45;456.25;456.45;456.1;1950;
fd417230-19cf-4e7b-9623-f7c9ca18ec6b;2020-01-03T08:54:00Z;456.25;456.25;456.3;455.95;1933;
fd417230-19cf-4e7b-9623-f7c9ca18ec6b;2020-01-03T08:55:00Z;456.3;456.65;456.8;456.3;1247;
fd417230-19cf-4e7b-9623-f7c9ca18ec6b;2020-01-03T08:56:00Z;456.75;457.1;457.2;456.45;3806;
fd417230-19cf-4e7b-9623-f7c9ca18ec6b;2020-01-03T08:57:00Z;457.15;457;457.3;457;1526;
fd417230-19cf-4e7b-9623-f7c9ca18ec6b;2020-01-03T08:58:00Z;457;456.9;457.05;456.7;971;
fd417230-19cf-4e7b-9623-f7c9ca18ec6b;2020-01-03T08:59:00Z;456.85;456.75;456.85;456.65;484;
fd417230-19cf-4e7b-9623-f7c9ca18ec6b;2020-01-03T09:00:00Z;456.8;456.95;457.25;456.75;1409;
fd417230-19cf-4e7b-9623-f7c9ca18ec6b;2020-01-03T09:01:00Z;456.95;457.15;457.15;456.8;637;
fd417230-19cf-4e7b-9623-f7c9ca18ec6b;2020-01-03T09:02:00Z;456.95;457.05;457.05;456.85;218;
fd417230-19cf-4e7b-9623-f7c9ca18ec6b;2020-01-03T09:03:00Z;457.05;457.25;457.25;457;168;
fd417230-19cf-4e7b-9623-f7c9ca18ec6b;2020-01-03T09:04:00Z;457.3;457.45;457.45;457.15;849;
fd417230-19cf-4e7b-9623-f7c9ca18ec6b;2020-01-03T09:05:00Z;457.45;457.15;457.7;457.15;3637;
fd417230-19cf-4e7b-9623-f7c9ca18ec6b;2020-01-03T09:06:00Z;457.25;457.4;457.4;457.25;949;
fd417230-19cf-4e7b-9623-f7c9ca18ec6b;2020-01-03T09:07:00Z;457.25;457.1;457.25;457;2527;
fd417230-19cf-4e7b-9623-f7c9ca18ec6b;2020-01-03T09:08:00Z;457.05;457.05;457.1;457.05;183;
fd417230-19cf-4e7b-9623-f7c9ca18ec6b;2020-01-03T09:09:00Z;457.1;457.05;457.1;457;87;
fd417230-19cf-4e7b-9623-f7c9ca18ec6b;2020-01-03T09:10:00Z;457;457.05;457.05;457;328;
fd417230-19cf-4e7b-9623-f7c9ca18ec6b;2020-01-03T09:11:00Z;457;457.05;457.05;457;9;
fd417230-19cf-4e7b-9623-f7c9ca18ec6b;2020-01-03T09:12:00Z;457.05;457.1;457.2;457.05;377;
fd417230-19cf-4e7b-9623-f7c9ca18ec6b;2020-01-03T09:13:00Z;457.05;457.05;457.15;457;172;
fd417230-19cf-4e7b-9623-f7c9ca18ec6b;2020-01-03T09:14:00Z;457;456.85;457;456.8;1487;
fd417230-19cf-4e7b-9623-f7c9ca18ec6b;2020-01-03T09:15:00Z;456.85;456.9;456.95;456.85;117;
fd417230-19cf-4e7b-9623-f7c9ca18ec6b;2020-01-03T09:16:00Z;456.95;456.9;456.95;456.9;95;
fd417230-19cf-4e7b-9623-f7c9ca18ec6b;2020-01-03T09:17:00Z;456.85;456.9;457;456.85;124;
fd417230-19cf-4e7b-9623-f7c9ca18ec6b;2020-01-03T09:18:00Z;456.95;457.1;457.2;456.95;140;
fd417230-19cf-4e7b-9623-f7c9ca18ec6b;2020-01-03T09:19:00Z;457.1;457.15;457.2;457.05;257;
fd417230-19cf-4e7b-9623-f7c9ca18ec6b;2020-01-03T09:20:00Z;457.2;457.15;457.25;457.15;139;
fd417230-19cf-4e7b-9623-f7c9ca18ec6b;2020-01-03T09:21:00Z;457.25;457.45;457.55;457.25;900;
fd417230-19cf-4e7b-9623-f7c9ca18ec6b;2020-01-03T09:22:00Z;457.5;457.45;457.55;457.4;409;
fd417230-19cf-4e7b-9623-f7c9ca18ec6b;2020-01-03T09:23:00Z;457.45;457.5;457.5;457.45;96;
fd417230-19cf-4e7b-9623-f7c9ca18ec6b;2020-01-03T09:24:00Z;457.45;457.4;457.65;457.35;711;
fd417230-19cf-4e7b-9623-f7c9ca18ec6b;2020-01-03T09:25:00Z;457.5;457.55;457.55;457.2;1720;
fd417230-19cf-4e7b-9623-f7c9ca18ec6b;2020-01-03T09:26:00Z;457.45;457.5;457.6;457.4;251;
fd417230-19cf-4e7b-9623-f7c9ca18ec6b;2020-01-03T09:27:00Z;457.4;457.6;457.75;457.3;1007;
fd417230-19cf-4e7b-9623-f7c9ca18ec6b;2020-01-03T09:28:00Z;457.6;457.45;457.6;457.4;109;
fd417230-19cf-4e7b-9623-f7c9ca18ec6b;2020-01-03T09:29:00Z;457.45;457.55;457.6;457.35;395;
fd417230-19cf-4e7b-9623-f7c9ca18ec6b;2020-01-03T09:30:00Z;457.6;457.65;457.7;457.55;388;
fd417230-19cf-4e7b-9623-f7c9ca18ec6b;2020-01-03T09:31:00Z;457.65;457.8;457.9;457.6;523;
fd417230-19cf-4e7b-9623-f7c9ca18ec6b;2020-01-03T09:32:00Z;457.8;457.65;457.85;457.65;212;
fd417230-19cf-4e7b-9623-f7c9ca18ec6b;2020-01-03T09:33:00Z;457.75;457.65;457.75;457.6;82;
fd417230-19cf-4e7b-9623-f7c9ca18ec6b;2020-01-03T09:34:00Z;457.8;457.55;457.8;457.55;240;
fd417230-19cf-4e7b-9623-f7c9ca18ec6b;2020-01-03T09:35:00Z;457.6;457.7;457.8;457.45;531;
fd417230-19cf-4e7b-9623-f7c9ca18ec6b;2020-01-03T09:36:00Z;457.7;457.8;457.8;457.55;514;
fd417230-19cf-4e7b-9623-f7c9ca18ec6b;2020-01-03T09:37:00Z;457.8;457.6;458.2;457.45;14042;
fd417230-19cf-4e7b-9623-f7c9ca18ec6b;2020-01-03T09:38:00Z;457.55;457.55;457.55;457.5;396;
fd417230-19cf-4e7b-9623-f7c9ca18ec6b;2020-01-03T09:39:00Z;457.7;457.5;457.7;457.5;53;
fd417230-19cf-4e7b-9623-f7c9ca18ec6b;2020-01-03T09:40:00Z;457.7;457.7;457.7;457.5;260;
fd417230-19cf-4e7b-9623-f7c9ca18ec6b;2020-01-03T09:41:00Z;457.7;457.7;457.7;457.55;33;
fd417230-19cf-4e7b-9623-f7c9ca18ec6b;2020-01-03T09:42:00Z;457.7;457.55;457.7;457.55;364;
fd417230-19cf-4e7b-9623-f7c9ca18ec6b;2020-01-03T09:43:00Z;457.5;457;457.5;457;4515;
fd417230-19cf-4e7b-9623-f7c9ca18ec6b;2020-01-03T09:44:00Z;457;457.05;457.05;457;106;
fd417230-19cf-4e7b-9623-f7c9ca18ec6b;2020-01-03T09:45:00Z;457;456.85;457.1;456.75;2257;
fd417230-19cf-4e7b-9623-f7c9ca18ec6b;2020-01-03T09:46:00Z;456.75;457;457;456.5;1412;
fd417230-19cf-4e7b-9623-f7c9ca18ec6b;2020-01-03T09:47:00Z;457;456.95;457.1;456.9;726;
fd417230-19cf-4e7b-9623-f7c9ca18ec6b;2020-01-03T09:48:00Z;457.3;457.4;457.4;456.95;1227;
fd417230-19cf-4e7b-9623-f7c9ca18ec6b;2020-01-03T09:49:00Z;457.4;457.4;457.4;457.3;39;
fd417230-19cf-4e7b-9623-f7c9ca18ec6b;2020-01-03T09:50:00Z;457.4;457.4;457.55;457.4;726;
fd417230-19cf-4e7b-9623-f7c9ca18ec6b;2020-01-03T09:51:00Z;457.4;457.4;457.45;457.35;44;
fd417230-19cf-4e7b-9623-f7c9ca18ec6b;2020-01-03T09:52:00Z;457.35;457.35;457.35;457.2;260;
fd417230-19cf-4e7b-9623-f7c9ca18ec6b;2020-01-03T09:53:00Z;457.45;457.4;457.45;457.2;193;
fd417230-19cf-4e7b-9623-f7c9ca18ec6b;2020-01-03T09:54:00Z;457.4;457.5;457.5;457.3;154;
fd417230-19cf-4e7b-9623-f7c9ca18ec6b;2020-01-03T09:55:00Z;457.5;457.7;457.7;457.5;271;
fd417230-19cf-4e7b-9623-f7c9ca18ec6b;2020-01-03T09:56:00Z;457.65;457.65;457.85;457.55;1204;
fd417230-19cf-4e7b-9623-f7c9ca18ec6b;2020-01-03T09:57:00Z;457.6;457.6;457.6;457.5;666;
fd417230-19cf-4e7b-9623-f7c9ca18ec6b;2020-01-03T09:58:00Z;457.55;457.6;457.6;457.55;20;
fd417230-19cf-4e7b-9623-f7c9ca18ec6b;2020-01-03T09:59:00Z;457.55;457.55;457.7;457.55;1042;
fd417230-19cf-4e7b-9623-f7c9ca18ec6b;2020-01-03T10:00:00Z;457.4;457.45;457.65;457.4;262;
fd417230-19cf-4e7b-9623-f7c9ca18ec6b;2020-01-03T10:01:00Z;457.65;457.6;457.75;457.45;546;
fd417230-19cf-4e7b-9623-f7c9ca18ec6b;2020-01-03T10:02:00Z;457.6;457.75;457.75;457.6;167;
fd417230-19cf-4e7b-9623-f7c9ca18ec6b;2020-01-03T10:03:00Z;457.75;457.7;457.8;457.65;578;
fd417230-19cf-4e7b-9623-f7c9ca18ec6b;2020-01-03T10:04:00Z;457.65;457.65;457.7;457.65;140;
fd417230-19cf-4e7b-9623-f7c9ca18ec6b;2020-01-03T10:05:00Z;457.7;457.65;457.7;457.65;187;
fd417230-19cf-4e7b-9623-f7c9ca18ec6b;2020-01-03T10:06:00Z;457.7;457.7;457.7;457.65;45;
fd417230-19cf-4e7b-9623-f7c9ca18ec6b;2020-01-03T10:07:00Z;457.65;457.55;457.7;457.4;591;
fd417230-19cf-4e7b-9623-f7c9ca18ec6b;2020-01-03T10:08:00Z;457.7;457.85;457.9;457.7;925;
fd417230-19cf-4e7b-9623-f7c9ca18ec6b;2020-01-03T10:09:00Z;457.9;457.95;458.15;457.7;4056;
fd417230-19cf-4e7b-9623-f7c9ca18ec6b;2020-01-03T10:10:00Z;457.95;457.75;457.95;457.75;641;
fd417230-19cf-4e7b-9623-f7c9ca18ec6b;2020-01-03T10:11:00Z;457.75;457.8;457.9;457.75;95;
fd417230-19cf-4e7b-9623-f7c9ca18ec6b;2020-01-03T10:12:00Z;457.75;457.75;457.8;457.75;157;
fd417230-19cf-4e7b-9623-f7c9ca18ec6b;2020-01-03T10:13:00Z;457.75;457.8;457.8;457.75;81;
fd417230-19cf-4e7b-9623-f7c9ca18ec6b;2020-01-03T10:14:00Z;457.75;457.65;457.75;457.2;1309;
fd417230-19cf-4e7b-9623-f7c9ca18ec6b;2020-01-03T10:15:00Z;457.6;457.6;457.6;457.6;13;
fd417230-19cf-4e7b-9623-f7c9ca18ec6b;2020-01-03T10:16:00Z;457.65;457.45;457.7;457.2;514;
fd417230-19cf-4e7b-9623-f7c9ca18ec6b;2020-01-03T10:17:00Z;457.4;457.55;457.6;457.2;3169;
fd417230-19cf-4e7b-9623-f7c9ca18ec6b;2020-01-03T10:18:00Z;457.6;457.65;457.65;457.55;87;
fd417230-19cf-4e7b-9623-f7c9ca18ec6b;2020-01-03T10:19:00Z;457.6;457.9;458;457.55;1546;
fd417230-19cf-4e7b-9623-f7c9ca18ec6b;2020-01-03T10:20:00Z;457.95;457.9;457.95;457.7;725;
fd417230-19cf-4e7b-9623-f7c9ca18ec6b;2020-01-03T10:21:00Z;457.75;457.7;457.95;457.7;802;
fd417230-19cf-4e7b-9623-f7c9ca18ec6b;2020-01-03T10:22:00Z;457.7;457.7;457.8;457.7;203;
fd417230-19cf-4e7b-9623-f7c9ca18ec6b;2020-01-03T10:24:00Z;457.85;457.9;457.9;457.8;153;
fd417230-19cf-4e7b-9623-f7c9ca18ec6b;2020-01-03T10:25:00Z;457.9;457.8;457.9;457.75;105;
fd417230-19cf-4e7b-9623-f7c9ca18ec6b;2020-01-03T10:26:00Z;457.9;457.9;457.9;457.85;63;
fd417230-19cf-4e7b-9623-f7c9ca18ec6b;2020-01-03T10:27:00Z;457.9;457.85;457.95;457.85;109;
fd417230-19cf-4e7b-9623-f7c9ca18ec6b;2020-01-03T10:28:00Z;457.75;457.75;457.75;457.75;3;
fd417230-19cf-4e7b-9623-f7c9ca18ec6b;2020-01-03T10:29:00Z;457.7;457.7;457.75;457.6;659;
fd417230-19cf-4e7b-9623-f7c9ca18ec6b;2020-01-03T10:30:00Z;457.6;457.55;457.75;457.55;2437;
fd417230-19cf-4e7b-9623-f7c9ca18ec6b;2020-01-03T10:31:00Z;457.65;457.65;457.7;457.55;114;
fd417230-19cf-4e7b-9623-f7c9ca18ec6b;2020-01-03T10:32:00Z;457.7;457.85;457.85;457.7;158;
fd417230-19cf-4e7b-9623-f7c9ca18ec6b;2020-01-03T10:33:00Z;457.85;457.65;457.85;457.65;2;
fd417230-19cf-4e7b-9623-f7c9ca18ec6b;2020-01-03T10:34:00Z;457.85;457.9;457.9;457.85;195;
fd417230-19cf-4e7b-9623-f7c9ca18ec6b;2020-01-03T10:35:00Z;457.85;457.8;457.95;457.6;3025;
fd417230-19cf-4e7b-9623-f7c9ca18ec6b;2020-01-03T10:36:00Z;457.8;457.7;457.8;457.7;2;
fd417230-19cf-4e7b-9623-f7c9ca18ec6b;2020-01-03T10:37:00Z;457.8;457.95;458.05;457.7;1634;
fd417230-19cf-4e7b-9623-f7c9ca18ec6b;2020-01-03T10:38:00Z;458;458;458.05;457.9;490;
fd417230-19cf-4e7b-9623-f7c9ca18ec6b;2020-01-03T10:39:00Z;458.05;458.15;458.2;457.95;298;
fd417230-19cf-4e7b-9623-f7c9ca18ec6b;2020-01-03T10:40:00Z;458.15;458.05;458.2;458.05;114;
fd417230-19cf-4e7b-9623-f7c9ca18ec6b;2020-01-03T10:41:00Z;458.1;458.25;458.4;458.1;641;
fd417230-19cf-4e7b-9623-f7c9ca18ec6b;2020-01-03T10:42:00Z;458.3;458.4;458.4;458.25;506;
fd417230-19cf-4e7b-9623-f7c9ca18ec6b;2020-01-03T10:43:00Z;458.4;458.4;458.45;458.35;120;
fd417230-19cf-4e7b-9623-f7c9ca18ec6b;2020-01-03T10:44:00Z;458.45;458.35;458.45;458.35;168;
fd417230-19cf-4e7b-9623-f7c9ca18ec6b;2020-01-03T10:45:00Z;458.35;458.4;458.4;458.35;27;
fd417230-19cf-4e7b-9623-f7c9ca18ec6b;2020-01-03T10:46:00Z;458.35;458.4;458.4;458.35;60;
fd417230-19cf-4e7b-9623-f7c9ca18ec6b;2020-01-03T10:47:00Z;458.4;458.2;458.4;458.2;407;
fd417230-19cf-4e7b-9623-f7c9ca18ec6b;2020-01-03T10:48:00Z;458.2;458.25;458.3;458.2;152;
fd417230-19cf-4e7b-9623-f7c9ca18ec6b;2020-01-03T10:49:00Z;458.2;458.2;458.25;458.2;58;
fd417230-19cf-4e7b-9623-f7c9ca18ec6b;2020-01-03T10:50:00Z;458.25;458.2;458.3;458.2;50;
fd417230-19cf-4e7b-9623-f7c9ca18ec6b;2020-01-03T10:51:00Z;458.3;458.25;458.3;458.25;83;
fd417230-19cf-4e7b-9623-f7c9ca18ec6b;2020-01-03T10:52:00Z;458.25;458.3;458.3;458.2;86;
fd417230-19cf-4e7b-9623-f7c9ca18ec6b;2020-01-03T10:53:00Z;458.3;458.3;458.35;458.3;89;
fd417230-19cf-4e7b-9623-f7c9ca18ec6b;2020-01-03T10:54:00Z;458.3;458.2;458.3;458.15;711;
fd417230-19cf-4e7b-9623-f7c9ca18ec6b;2020-01-03T10:55:00Z;458.2;457.95;458.2;457.9;602;
fd417230-19cf-4e7b-9623-f7c9ca18ec6b;2020-01-03T10:56:00Z;458;457.9;458.05;457.9;579;
fd417230-19cf-4e7b-9623-f7c9ca18ec6b;2020-01-03T10:57:00Z;457.9;457.65;457.9;457.65;301;
fd417230-19cf-4e7b-9623-f7c9ca18ec6b;2020-01-03T10:58:00Z;457.7;457.8;457.8;457.7;259;
fd417230-19cf-4e7b-9623-f7c9ca18ec6b;2020-01-03T10:59:00Z;457.75;457.8;457.9;457.75;346;
fd417230-19cf-4e7b-9623-f7c9ca18ec6b;2020-01-03T11:00:00Z;457.8;457.85;457.9;457.8;179;
fd417230-19cf-4e7b-9623-f7c9ca18ec6b;2020-01-03T11:01:00Z;457.85;457.9;457.9;457.85;121;
fd417230-19cf-4e7b-9623-f7c9ca18ec6b;2020-01-03T11:02:00Z;457.9;458;458.15;457.9;618;
fd417230-19cf-4e7b-9623-f7c9ca18ec6b;2020-01-03T11:03:00Z;458.05;458.1;458.1;458.05;50;
fd417230-19cf-4e7b-9623-f7c9ca18ec6b;2020-01-03T11:04:00Z;458.1;458.1;458.1;458.1;2;
fd417230-19cf-4e7b-9623-f7c9ca18ec6b;2020-01-03T11:05:00Z;458.2;458.2;458.25;458.2;64;
fd417230-19cf-4e7b-9623-f7c9ca18ec6b;2020-01-03T11:06:00Z;458.25;458.25;458.25;458.15;224;
fd417230-19cf-4e7b-9623-f7c9ca18ec6b;2020-01-03T11:07:00Z;458.15;458.15;458.15;458.15;13;
fd417230-19cf-4e7b-9623-f7c9ca18ec6b;2020-01-03T11:08:00Z;458.25;458.2;458.25;458.2;210;
fd417230-19cf-4e7b-9623-f7c9ca18ec6b;2020-01-03T11:09:00Z;458.25;458.25;458.25;458.15;59;
fd417230-19cf-4e7b-9623-f7c9ca18ec6b;2020-01-03T11:10:00Z;458.25;458.2;458.25;458.2;209;
fd417230-19cf-4e7b-9623-f7c9ca18ec6b;2020-01-03T11:11:00Z;458.25;458.15;458.25;458.15;133;
fd417230-19cf-4e7b-9623-f7c9ca18ec6b;2020-01-03T11:12:00Z;458.15;458.15;458.15;458.1;357;
fd417230-19cf-4e7b-9623-f7c9ca18ec6b;2020-01-03T11:13:00Z;458.1;458.05;458.1;458.05;260;
fd417230-19cf-4e7b-9623-f7c9ca18ec6b;2020-01-03T11:14:00Z;458.05;458.05;458.1;458.05;201;
fd417230-19cf-4e7b-9623-f7c9ca18ec6b;2020-01-03T11:15:00Z;458.1;457.9;458.1;457.9;1205;
fd417230-19cf-4e7b-9623-f7c9ca18ec6b;2020-01-03T11:16:00Z;457.95;458.05;458.05;457.95;198;
fd417230-19cf-4e7b-9623-f7c9ca18ec6b;2020-01-03T11:17:00Z;457.55;457.65;458;456.8;4820;
fd417230-19cf-4e7b-9623-f7c9ca18ec6b;2020-01-03T11:18:00Z;457.6;458;458.15;457.6;2503;
fd417230-19cf-4e7b-9623-f7c9ca18ec6b;2020-01-03T11:19:00Z;458.1;457.75;458.25;457.75;1025;
fd417230-19cf-4e7b-9623-f7c9ca18ec6b;2020-01-03T11:20:00Z;457.8;458;458;457.65;513;
fd417230-19cf-4e7b-9623-f7c9ca18ec6b;2020-01-03T11:21:00Z;457.95;457.85;457.95;457.85;46;
fd417230-19cf-4e7b-9623-f7c9ca18ec6b;2020-01-03T11:22:00Z;457.9;457.95;458;457.85;115;
fd417230-19cf-4e7b-9623-f7c9ca18ec6b;2020-01-03T11:23:00Z;458.05;458;458.1;458;675;
fd417230-19cf-4e7b-9623-f7c9ca18ec6b;2020-01-03T11:24:00Z;458.05;458.05;458.05;458;239;
fd417230-19cf-4e7b-9623-f7c9ca18ec6b;2020-01-03T11:25:00Z;457.95;458;458;457.9;418;
fd417230-19cf-4e7b-9623-f7c9ca18ec6b;2020-01-03T11:26:00Z;457.85;458.05;458.05;457.85;770;
fd417230-19cf-4e7b-9623-f7c9ca18ec6b;2020-01-03T11:27:00Z;458.05;458.1;458.1;458.05;37;
fd417230-19cf-4e7b-9623-f7c9ca18ec6b;2020-01-03T11:28:00Z;458.1;457.95;458.1;457.95;548;
fd417230-19cf-4e7b-9623-f7c9ca18ec6b;2020-01-03T11:29:00Z;457.9;457.9;457.9;457.9;77;
fd417230-19cf-4e7b-9623-f7c9ca18ec6b;2020-01-03T11:30:00Z;457.95;457.7;457.95;457.7;175;
fd417230-19cf-4e7b-9623-f7c9ca18ec6b;2020-01-03T11:31:00Z;457.65;457.75;457.75;457.6;146;
fd417230-19cf-4e7b-9623-f7c9ca18ec6b;2020-01-03T11:32:00Z;457.8;457.8;457.8;457.8;43;
fd417230-19cf-4e7b-9623-f7c9ca18ec6b;2020-01-03T11:33:00Z;457.9;457.9;457.9;457.7;37;
fd417230-19cf-4e7b-9623-f7c9ca18ec6b;2020-01-03T11:34:00Z;457.8;457.85;457.85;457.75;146;
fd417230-19cf-4e7b-9623-f7c9ca18ec6b;2020-01-03T11:35:00Z;457.85;457.85;457.85;457.8;35;
fd417230-19cf-4e7b-9623-f7c9ca18ec6b;2020-01-03T11:36:00Z;457.8;457.8;457.8;457.8;101;
fd417230-19cf-4e7b-9623-f7c9ca18ec6b;2020-01-03T11:37:00Z;457.75;457.75;457.75;457.75;1;
fd417230-19cf-4e7b-9623-f7c9ca18ec6b;2020-01-03T11:38:00Z;457.75;457.9;457.9;457.75;113;
fd417230-19cf-4e7b-9623-f7c9ca18ec6b;2020-01-03T11:39:00Z;457.9;457.95;457.95;457.9;47;
fd417230-19cf-4e7b-9623-f7c9ca18ec6b;2020-01-03T11:40:00Z;457.9;458.05;458.05;457.8;1211;
fd417230-19cf-4e7b-9623-f7c9ca18ec6b;2020-01-03T11:41:00Z;458.05;458.05;458.05;457.95;342;
fd417230-19cf-4e7b-9623-f7c9ca18ec6b;2020-01-03T11:42:00Z;458;457.95;458.05;457.85;804;
fd417230-19cf-4e7b-9623-f7c9ca18ec6b;2020-01-03T11:43:00Z;457.95;457.95;458.1;457.8;869;
fd417230-19cf-4e7b-9623-f7c9ca18ec6b;2020-01-03T11:44:00Z;457.95;457.95;457.95;457.95;3;
fd417230-19cf-4e7b-9623-f7c9ca18ec6b;2020-01-03T11:45:00Z;458;458;458.1;458;144;
fd417230-19cf-4e7b-9623-f7c9ca18ec6b;2020-01-03T11:46:00Z;458;458.1;458.1;458;54;
fd417230-19cf-4e7b-9623-f7c9ca18ec6b;2020-01-03T11:47:00Z;458.15;458.35;458.35;458.15;1221;
fd417230-19cf-4e7b-9623-f7c9ca18ec6b;2020-01-03T11:48:00Z;458.35;458.65;458.65;458.35;2072;
fd417230-19cf-4e7b-9623-f7c9ca18ec6b;2020-01-03T11:49:00Z;458.65;458.4;458.65;458.35;966;
fd417230-19cf-4e7b-9623-f7c9ca18ec6b;2020-01-03T11:50:00Z;458.35;458.4;458.4;458.1;433;
fd417230-19cf-4e7b-9623-f7c9ca18ec6b;2020-01-03T11:52:00Z;458.2;458.35;458.35;458.2;59;
fd417230-19cf-4e7b-9623-f7c9ca18ec6b;2020-01-03T11:53:00Z;458.25;458.4;458.4;458.25;22;
fd417230-19cf-4e7b-9623-f7c9ca18ec6b;2020-01-03T11:54:00Z;458.25;458.3;458.3;458.25;35;
fd417230-19cf-4e7b-9623-f7c9ca18ec6b;2020-01-03T11:55:00Z;458.2;458.2;458.3;458.2;82;
fd417230-19cf-4e7b-9623-f7c9ca18ec6b;2020-01-03T11:56:00Z;458.25;458.3;458.4;458.25;163;
fd417230-19cf-4e7b-9623-f7c9ca18ec6b;2020-01-03T11:58:00Z;458.3;458;458.35;457.9;767;
fd417230-19cf-4e7b-9623-f7c9ca18ec6b;2020-01-03T11:59:00Z;458;458.3;458.3;458;122;
fd417230-19cf-4e7b-9623-f7c9ca18ec6b;2020-01-03T12:00:00Z;458.1;457.4;458.1;457.4;587;
fd417230-19cf-4e7b-9623-f7c9ca18ec6b;2020-01-03T12:01:00Z;457.45;457.45;457.6;457.35;175;
fd417230-19cf-4e7b-9623-f7c9ca18ec6b;2020-01-03T12:02:00Z;457.45;458.2;458.3;457.45;1147;
fd417230-19cf-4e7b-9623-f7c9ca18ec6b;2020-01-03T12:03:00Z;458.15;458.25;458.3;458.15;657;
fd417230-19cf-4e7b-9623-f7c9ca18ec6b;2020-01-03T12:04:00Z;458.25;458;458.3;458;426;
fd417230-19cf-4e7b-9623-f7c9ca18ec6b;2020-01-03T12:05:00Z;457.95;457.6;457.95;457.55;617;
fd417230-19cf-4e7b-9623-f7c9ca18ec6b;2020-01-03T12:06:00Z;457.6;457.6;457.85;457.6;302;
fd417230-19cf-4e7b-9623-f7c9ca18ec6b;2020-01-03T12:07:00Z;457.5;457.8;457.8;457.5;216;
fd417230-19cf-4e7b-9623-f7c9ca18ec6b;2020-01-03T12:08:00Z;457.8;457.55;457.8;457.35;706;
fd417230-19cf-4e7b-9623-f7c9ca18ec6b;2020-01-03T12:09:00Z;457.55;457.8;457.8;457.5;181;
fd417230-19cf-4e7b-9623-f7c9ca18ec6b;2020-01-03T12:10:00Z;457.75;457.55;457.75;457.45;370;
fd417230-19cf-4e7b-9623-f7c9ca18ec6b;2020-01-03T12:11:00Z;457.55;457.65;457.65;457.5;150;
fd417230-19cf-4e7b-9623-f7c9ca18ec6b;2020-01-03T12:12:00Z;457.65;457.55;457.7;457.55;98;
fd417230-19cf-4e7b-9623-f7c9ca18ec6b;2020-01-03T12:13:00Z;457.65;457.25;457.65;457.25;721;
fd417230-19cf-4e7b-9623-f7c9ca18ec6b;2020-01-03T12:14:00Z;457.2;457.25;457.45;457.2;299;
fd417230-19cf-4e7b-9623-f7c9ca18ec6b;2020-01-03T12:15:00Z;457.3;456.9;457.35;456.9;2816;
fd417230-19cf-4e7b-9623-f7c9ca18ec6b;2020-01-03T12:16:00Z;457;456.7;457.05;456.1;4940;
fd417230-19cf-4e7b-9623-f7c9ca18ec6b;2020-01-03T12:17:00Z;456.8;457.2;457.4;456.8;2670;
fd417230-19cf-4e7b-9623-f7c9ca18ec6b;2020-01-03T12:18:00Z;457.1;456.75;457.15;456.65;675;
fd417230-19cf-4e7b-9623-f7c9ca18ec6b;2020-01-03T12:19:00Z;456.8;456.8;456.85;455.75;4419;
fd417230-19cf-4e7b-9623-f7c9ca18ec6b;2020-01-03T12:20:00Z;456.8;456.8;457;456.6;1570;
fd417230-19cf-4e7b-9623-f7c9ca18ec6b;2020-01-03T12:21:00Z;456.95;456.85;457.25;456.85;1042;
fd417230-19cf-4e7b-9623-f7c9ca18ec6b;2020-01-03T12:22:00Z;457.05;456.7;457.05;456.7;30;
fd417230-19cf-4e7b-9623-f7c9ca18ec6b;2020-01-03T12:23:00Z;456.9;456.8;456.95;456.7;490;
fd417230-19cf-4e7b-9623-f7c9ca18ec6b;2020-01-03T12:24:00Z;456.75;456.85;456.85;456.65;105;
fd417230-19cf-4e7b-9623-f7c9ca18ec6b;2020-01-03T12:25:00Z;456.8;456.6;456.8;456.55;690;
fd417230-19cf-4e7b-9623-f7c9ca18ec6b;2020-01-03T12:26:00Z;456.5;456.5;456.6;456.5;45;
fd417230-19cf-4e7b-9623-f7c9ca18ec6b;2020-01-03T12:27:00Z;456.55;456.35;456.55;456.35;764;
fd417230-19cf-4e7b-9623-f7c9ca18ec6b;2020-01-03T12:28:00Z;456.4;456.4;456.45;456.4;196;
fd417230-19cf-4e7b-9623-f7c9ca18ec6b;2020-01-03T12:29:00Z;456.5;456.45;456.5;456.45;100;
fd417230-19cf-4e7b-9623-f7c9ca18ec6b;2020-01-03T12:30:00Z;456.5;456.85;456.85;456.45;953;
fd417230-19cf-4e7b-9623-f7c9ca18ec6b;2020-01-03T12:31:00Z;456.75;456.65;456.95;456.65;1050;
fd417230-19cf-4e7b-9623-f7c9ca18ec6b;2020-01-03T12:32:00Z;456.65;456;456.65;455.85;2083;
fd417230-19cf-4e7b-9623-f7c9ca18ec6b;2020-01-03T12:33:00Z;456;456.7;457.2;456;5170;
fd417230-19cf-4e7b-9623-f7c9ca18ec6b;2020-01-03T12:34:00Z;456.7;456.55;456.7;456.35;835;
fd417230-19cf-4e7b-9623-f7c9ca18ec6b;2020-01-03T12:35:00Z;456.6;456.7;456.7;456.6;47;
fd417230-19cf-4e7b-9623-f7c9ca18ec6b;2020-01-03T12:36:00Z;456.7;456.75;456.75;456.7;310;
fd417230-19cf-4e7b-9623-f7c9ca18ec6b;2020-01-03T12:37:00Z;456.65;456.8;457;456.65;337;
fd417230-19cf-4e7b-9623-f7c9ca18ec6b;2020-01-03T12:38:00Z;456.8;456.85;456.85;456.8;72;
fd417230-19cf-4e7b-9623-f7c9ca18ec6b;2020-01-03T12:39:00Z;456.9;456.65;456.95;456.65;137;
fd417230-19cf-4e7b-9623-f7c9ca18ec6b;2020-01-03T12:40:00Z;456.65;456.65;456.65;456.65;5;
fd417230-19cf-4e7b-9623-f7c9ca18ec6b;2020-01-03T12:41:00Z;456.65;456.55;456.65;456.55;382;
fd417230-19cf-4e7b-9623-f7c9ca18ec6b;2020-01-03T12:42:00Z;456.55;456.55;456.55;456.5;99;
fd417230-19cf-4e7b-9623-f7c9ca18ec6b;2020-01-03T12:43:00Z;456.55;456.1;456.6;456.1;585;
fd417230-19cf-4e7b-9623-f7c9ca18ec6b;2020-01-03T12:44:00Z;456.2;456.3;456.3;456.2;91;
fd417230-19cf-4e7b-9623-f7c9ca18ec6b;2020-01-03T12:45:00Z;456.2;456.35;456.5;456.2;363;
fd417230-19cf-4e7b-9623-f7c9ca18ec6b;2020-01-03T12:46:00Z;456.35;456.25;456.4;456.25;140;
fd417230-19cf-4e7b-9623-f7c9ca18ec6b;2020-01-03T12:47:00Z;456.3;456.5;456.5;456.3;230;
fd417230-19cf-4e7b-9623-f7c9ca18ec6b;2020-01-03T12:48:00Z;456.4;456.4;456.4;456.1;1218;
fd417230-19cf-4e7b-9623-f7c9ca18ec6b;2020-01-03T12:49:00Z;456.3;456;456.4;456;985;
fd417230-19cf-4e7b-9623-f7c9ca18ec6b;2020-01-03T12:50:00Z;456;455.85;456;455.75;1084;
fd417230-19cf-4e7b-9623-f7c9ca18ec6b;2020-01-03T12:51:00Z;455.8;455.8;455.95;455.8;53;
fd417230-19cf-4e7b-9623-f7c9ca18ec6b;2020-01-03T12:52:00Z;455.8;455.65;455.8;455.4;542;
fd417230-19cf-4e7b-9623-f7c9ca18ec6b;2020-01-03T12:53:00Z;455.65;455.65;455.75;455.55;196;
fd417230-19cf-4e7b-9623-f7c9ca18ec6b;2020-01-03T12:54:00Z;455.95;455.9;455.95;455.85;99;
fd417230-19cf-4e7b-9623-f7c9ca18ec6b;2020-01-03T12:55:00Z;455.9;455.85;456.2;455.7;1191;
fd417230-19cf-4e7b-9623-f7c9ca18ec6b;2020-01-03T12:56:00Z;455.75;456.1;456.1;455.75;113;
fd417230-19cf-4e7b-9623-f7c9ca18ec6b;2020-01-03T12:57:00Z;456.1;456.05;456.3;456;721;
fd417230-19cf-4e7b-9623-f7c9ca18ec6b;2020-01-03T12:58:00Z;455.85;455.9;456.3;455.85;709;
fd417230-19cf-4e7b-9623-f7c9ca18ec6b;2020-01-03T12:59:00Z;455.9;455.5;455.9;455.5;757;
fd417230-19cf-4e7b-9623-f7c9ca18ec6b;2020-01-03T13:00:00Z;455.65;455.55;455.75;455.55;70;
fd417230-19cf-4e7b-9623-f7c9ca18ec6b;2020-01-03T13:01:00Z;455.55;455.6;455.75;455.55;36;
fd417230-19cf-4e7b-9623-f7c9ca18ec6b;2020-01-03T13:02:00Z;455.75;455.65;455.75;455.65;12;
fd417230-19cf-4e7b-9623-f7c9ca18ec6b;2020-01-03T13:03:00Z;455.75;456.05;456.05;455.75;280;
fd417230-19cf-4e7b-9623-f7c9ca18ec6b;2020-01-03T13:04:00Z;455.95;456.2;456.2;455.95;219;
fd417230-19cf-4e7b-9623-f7c9ca18ec6b;2020-01-03T13:05:00Z;456.35;456.4;456.6;456.1;1054;
fd417230-19cf-4e7b-9623-f7c9ca18ec6b;2020-01-03T13:06:00Z;456.45;456.6;456.65;456.45;269;
fd417230-19cf-4e7b-9623-f7c9ca18ec6b;2020-01-03T13:07:00Z;456.55;456.3;456.55;456.3;200;
fd417230-19cf-4e7b-9623-f7c9ca18ec6b;2020-01-03T13:08:00Z;456.45;456.55;456.6;456.45;72;
fd417230-19cf-4e7b-9623-f7c9ca18ec6b;2020-01-03T13:09:00Z;456.65;456.75;456.9;456.65;407;
fd417230-19cf-4e7b-9623-f7c9ca18ec6b;2020-01-03T13:10:00Z;456.75;456.3;456.75;456.05;2505;
fd417230-19cf-4e7b-9623-f7c9ca18ec6b;2020-01-03T13:11:00Z;456.15;456.15;456.15;456.15;33;
fd417230-19cf-4e7b-9623-f7c9ca18ec6b;2020-01-03T13:12:00Z;456.35;456.4;456.4;456.35;41;
fd417230-19cf-4e7b-9623-f7c9ca18ec6b;2020-01-03T13:13:00Z;456.4;456.2;456.4;456.15;345;
fd417230-19cf-4e7b-9623-f7c9ca18ec6b;2020-01-03T13:14:00Z;456.15;456.2;456.2;456.15;88;
fd417230-19cf-4e7b-9623-f7c9ca18ec6b;2020-01-03T13:15:00Z;456.2;456.2;456.2;456.15;507;
fd417230-19cf-4e7b-9623-f7c9ca18ec6b;2020-01-03T13:16:00Z;456.25;456.25;456.25;456.25;66;
fd417230-19cf-4e7b-9623-f7c9ca18ec6b;2020-01-03T13:17:00Z;456.3;456.3;456.35;456.3;90;
fd417230-19cf-4e7b-9623-f7c9ca18ec6b;2020-01-03T13:18:00Z;456.35;456.3;456.45;456.2;650;
fd417230-19cf-4e7b-9623-f7c9ca18ec6b;2020-01-03T13:19:00Z;456.35;456.4;456.4;456.3;206;
fd417230-19cf-4e7b-9623-f7c9ca18ec6b;2020-01-03T13:20:00Z;456.4;456.55;456.55;456.4;158;
fd417230-19cf-4e7b-9623-f7c9ca18ec6b;2020-01-03T13:21:00Z;456.6;456.55;456.6;456.55;24;
fd417230-19cf-4e7b-9623-f7c9ca18ec6b;2020-01-03T13:22:00Z;456.55;456.45;456.65;456.35;249;
fd417230-19cf-4e7b-9623-f7c9ca18ec6b;2020-01-03T13:23:00Z;456.45;456.45;456.7;456.45;229;
fd417230-19cf-4e7b-9623-f7c9ca18ec6b;2020-01-03T13:24:00Z;456.45;456.65;456.75;456.45;350;
fd417230-19cf-4e7b-9623-f7c9ca18ec6b;2020-01-03T13:25:00Z;456.9;456.9;456.9;456.9;69;
fd417230-19cf-4e7b-9623-f7c9ca18ec6b;2020-01-03T13:26:00Z;456.95;457;457;456.85;205;
fd417230-19cf-4e7b-9623-f7c9ca18ec6b;2020-01-03T13:27:00Z;456.9;456.85;456.9;456.85;217;
fd417230-19cf-4e7b-9623-f7c9ca18ec6b;2020-01-03T13:28:00Z;456.75;456.85;456.85;456.75;192;
fd417230-19cf-4e7b-9623-f7c9ca18ec6b;2020-01-03T13:29:00Z;456.85;457.2;457.2;456.8;1454;
fd417230-19cf-4e7b-9623-f7c9ca18ec6b;2020-01-03T13:30:00Z;457.05;456.95;457.1;456.9;247;
fd417230-19cf-4e7b-9623-f7c9ca18ec6b;2020-01-03T13:31:00Z;456.95;457;457.15;456.95;194;
fd417230-19cf-4e7b-9623-f7c9ca18ec6b;2020-01-03T13:32:00Z;457;457.1;457.15;457;301;
fd417230-19cf-4e7b-9623-f7c9ca18ec6b;2020-01-03T13:33:00Z;457.1;457.3;457.3;457.1;194;
fd417230-19cf-4e7b-9623-f7c9ca18ec6b;2020-01-03T13:34:00Z;457.2;457.25;457.3;457.15;900;
fd417230-19cf-4e7b-9623-f7c9ca18ec6b;2020-01-03T13:35:00Z;457.05;457.05;457.05;457;167;
fd417230-19cf-4e7b-9623-f7c9ca18ec6b;2020-01-03T13:36:00Z;457.05;457.05;457.05;457.05;395;
fd417230-19cf-4e7b-9623-f7c9ca18ec6b;2020-01-03T13:37:00Z;457.15;457.15;457.15;457.15;1;
fd417230-19cf-4e7b-9623-f7c9ca18ec6b;2020-01-03T13:38:00Z;457.1;457.2;457.5;457.1;1140;
fd417230-19cf-4e7b-9623-f7c9ca18ec6b;2020-01-03T13:39:00Z;457.25;457.25;457.45;457.2;408;
fd417230-19cf-4e7b-9623-f7c9ca18ec6b;2020-01-03T13:40:00Z;457.25;457.3;457.3;457.15;90;
fd417230-19cf-4e7b-9623-f7c9ca18ec6b;2020-01-03T13:41:00Z;457.3;457.15;457.4;457.1;474;
fd417230-19cf-4e7b-9623-f7c9ca18ec6b;2020-01-03T13:42:00Z;457.1;457.4;457.4;457.1;427;
fd417230-19cf-4e7b-9623-f7c9ca18ec6b;2020-01-03T13:43:00Z;457.35;457;457.45;457;3782;
fd417230-19cf-4e7b-9623-f7c9ca18ec6b;2020-01-03T13:44:00Z;457;457.15;457.15;457;11;
fd417230-19cf-4e7b-9623-f7c9ca18ec6b;2020-01-03T13:45:00Z;457.1;457.15;457.15;457;346;
fd417230-19cf-4e7b-9623-f7c9ca18ec6b;2020-01-03T13:46:00Z;457.05;457.05;457.05;457;179;
fd417230-19cf-4e7b-9623-f7c9ca18ec6b;2020-01-03T13:47:00Z;457.05;456.65;457.05;456.5;5355;
fd417230-19cf-4e7b-9623-f7c9ca18ec6b;2020-01-03T13:48:00Z;456.6;456.6;456.7;456.6;285;
fd417230-19cf-4e7b-9623-f7c9ca18ec6b;2020-01-03T13:49:00Z;456.6;456.35;456.65;456.35;1192;
fd417230-19cf-4e7b-9623-f7c9ca18ec6b;2020-01-03T13:50:00Z;456.35;456;456.35;455.4;2492;
fd417230-19cf-4e7b-9623-f7c9ca18ec6b;2020-01-03T13:51:00Z;455.95;455.95;456;455.85;161;
fd417230-19cf-4e7b-9623-f7c9ca18ec6b;2020-01-03T13:52:00Z;455.85;455.8;455.85;455.8;182;
fd417230-19cf-4e7b-9623-f7c9ca18ec6b;2020-01-03T13:53:00Z;455.9;455.5;455.9;455.5;615;
fd417230-19cf-4e7b-9623-f7c9ca18ec6b;2020-01-03T13:54:00Z;455.5;456;456;455.5;435;
fd417230-19cf-4e7b-9623-f7c9ca18ec6b;2020-01-03T13:55:00Z;455.9;455.65;455.9;455.5;1113;
fd417230-19cf-4e7b-9623-f7c9ca18ec6b;2020-01-03T13:56:00Z;455.55;455.4;455.55;455.4;321;
fd417230-19cf-4e7b-9623-f7c9ca18ec6b;2020-01-03T13:57:00Z;455.35;455.7;455.85;455.3;665;
fd417230-19cf-4e7b-9623-f7c9ca18ec6b;2020-01-03T13:58:00Z;455.85;455.7;455.95;455.7;135;
fd417230-19cf-4e7b-9623-f7c9ca18ec6b;2020-01-03T13:59:00Z;455.7;455.8;455.9;455.7;275;
fd417230-19cf-4e7b-9623-f7c9ca18ec6b;2020-01-03T14:00:00Z;455.8;455.9;456.1;455.8;1191;
fd417230-19cf-4e7b-9623-f7c9ca18ec6b;2020-01-03T14:01:00Z;455.9;455.8;456.05;455.75;1052;
fd417230-19cf-4e7b-9623-f7c9ca18ec6b;2020-01-03T14:02:00Z;455.8;456;456;455.75;587;
fd417230-19cf-4e7b-9623-f7c9ca18ec6b;2020-01-03T14:03:00Z;455.9;456.05;456.05;455.9;112;
fd417230-19cf-4e7b-9623-f7c9ca18ec6b;2020-01-03T14:04:00Z;455.95;456.3;456.3;455.95;1049;
fd417230-19cf-4e7b-9623-f7c9ca18ec6b;2020-01-03T14:05:00Z;456.2;456.3;456.45;456.2;600;
fd417230-19cf-4e7b-9623-f7c9ca18ec6b;2020-01-03T14:06:00Z;456.3;456.5;456.65;456.2;1921;
fd417230-19cf-4e7b-9623-f7c9ca18ec6b;2020-01-03T14:07:00Z;456.5;456.5;456.65;456.5;805;
fd417230-19cf-4e7b-9623-f7c9ca18ec6b;2020-01-03T14:08:00Z;456.5;456.5;456.55;456.45;188;
fd417230-19cf-4e7b-9623-f7c9ca18ec6b;2020-01-03T14:09:00Z;456.5;456.6;456.6;456.5;118;
fd417230-19cf-4e7b-9623-f7c9ca18ec6b;2020-01-03T14:10:00Z;456.6;456.5;456.6;456.5;182;
fd417230-19cf-4e7b-9623-f7c9ca18ec6b;2020-01-03T14:11:00Z;456.5;456.5;456.6;456.5;172;
fd417230-19cf-4e7b-9623-f7c9ca18ec6b;2020-01-03T14:12:00Z;456.5;456.6;456.8;456.45;1361;
fd417230-19cf-4e7b-9623-f7c9ca18ec6b;2020-01-03T14:13:00Z;456.6;456.6;456.65;456.6;136;
fd417230-19cf-4e7b-9623-f7c9ca18ec6b;2020-01-03T14:14:00Z;456.6;455.8;456.65;455.8;3010;
fd417230-19cf-4e7b-9623-f7c9ca18ec6b;2020-01-03T14:15:00Z;455.8;456.3;456.3;455.8;787;
fd417230-19cf-4e7b-9623-f7c9ca18ec6b;2020-01-03T14:16:00Z;456.2;456.05;456.3;456.05;694;
fd417230-19cf-4e7b-9623-f7c9ca18ec6b;2020-01-03T14:17:00Z;456.05;456.1;456.45;455.9;1764;
fd417230-19cf-4e7b-9623-f7c9ca18ec6b;2020-01-03T14:18:00Z;456.1;456.05;456.75;456.05;1844;
fd417230-19cf-4e7b-9623-f7c9ca18ec6b;2020-01-03T14:19:00Z;456.05;455.7;456.2;455.55;1065;
fd417230-19cf-4e7b-9623-f7c9ca18ec6b;2020-01-03T14:20:00Z;455.55;455.35;455.65;455.3;1481;
fd417230-19cf-4e7b-9623-f7c9ca18ec6b;2020-01-03T14:21:00Z;455.35;455.35;455.5;455.3;594;
fd417230-19cf-4e7b-9623-f7c9ca18ec6b;2020-01-03T14:22:00Z;455.4;455.35;455.5;455.35;156;
fd417230-19cf-4e7b-9623-f7c9ca18ec6b;2020-01-03T14:23:00Z;455.35;455.4;455.5;455.35;138;
fd417230-19cf-4e7b-9623-f7c9ca18ec6b;2020-01-03T14:24:00Z;455.4;455.8;455.8;455.35;515;
fd417230-19cf-4e7b-9623-f7c9ca18ec6b;2020-01-03T14:25:00Z;455.85;455.65;455.85;455.65;83;
fd417230-19cf-4e7b-9623-f7c9ca18ec6b;2020-01-03T14:26:00Z;455.8;455.7;455.8;455.65;286;
fd417230-19cf-4e7b-9623-f7c9ca18ec6b;2020-01-03T14:27:00Z;455.7;455.6;455.7;455.6;67;
fd417230-19cf-4e7b-9623-f7c9ca18ec6b;2020-01-03T14:28:00Z;455.6;455.35;455.6;455.3;946;
fd417230-19cf-4e7b-9623-f7c9ca18ec6b;2020-01-03T14:29:00Z;455.35;455.35;455.5;455.35;209;
fd417230-19cf-4e7b-9623-f7c9ca18ec6b;2020-01-03T14:30:00Z;455.5;455.8;455.9;455.4;776;
fd417230-19cf-4e7b-9623-f7c9ca18ec6b;2020-01-03T14:31:00Z;455.95;455.95;455.95;455.8;344;
fd417230-19cf-4e7b-9623-f7c9ca18ec6b;2020-01-03T14:32:00Z;456;456;456.05;456;169;
fd417230-19cf-4e7b-9623-f7c9ca18ec6b;2020-01-03T14:33:00Z;455.95;455.9;455.95;455.8;314;
fd417230-19cf-4e7b-9623-f7c9ca18ec6b;2020-01-03T14:34:00Z;455.85;456;456;455.75;626;
fd417230-19cf-4e7b-9623-f7c9ca18ec6b;2020-01-03T14:35:00Z;456;456;456.25;456;1259;
fd417230-19cf-4e7b-9623-f7c9ca18ec6b;2020-01-03T14:36:00Z;455.95;455.85;455.95;455.45;1081;
fd417230-19cf-4e7b-9623-f7c9ca18ec6b;2020-01-03T14:37:00Z;456;455.5;456.25;455.45;3272;
fd417230-19cf-4e7b-9623-f7c9ca18ec6b;2020-01-03T14:38:00Z;455.55;455.95;455.95;455.55;148;
fd417230-19cf-4e7b-9623-f7c9ca18ec6b;2020-01-03T14:39:00Z;455.85;455.65;455.95;455.65;252;
fd417230-19cf-4e7b-9623-f7c9ca18ec6b;2020-01-03T14:40:00Z;455.9;455.75;455.9;455.7;108;
fd417230-19cf-4e7b-9623-f7c9ca18ec6b;2020-01-03T14:41:00Z;455.65;455.7;455.7;455.6;391;
fd417230-19cf-4e7b-9623-f7c9ca18ec6b;2020-01-03T14:42:00Z;455.65;455.6;455.7;455.55;143;
fd417230-19cf-4e7b-9623-f7c9ca18ec6b;2020-01-03T14:43:00Z;455.6;455.95;455.95;455.5;587;
fd417230-19cf-4e7b-9623-f7c9ca18ec6b;2020-01-03T14:44:00Z;455.95;455.9;456;455.9;298;
fd417230-19cf-4e7b-9623-f7c9ca18ec6b;2020-01-03T14:45:00Z;456;456;456.05;456;1025;
fd417230-19cf-4e7b-9623-f7c9ca18ec6b;2020-01-03T14:46:00Z;455.9;455.85;456.05;455.85;493;
fd417230-19cf-4e7b-9623-f7c9ca18ec6b;2020-01-03T14:47:00Z;455.8;455.95;455.95;455.7;121;
fd417230-19cf-4e7b-9623-f7c9ca18ec6b;2020-01-03T14:48:00Z;456;456.05;456.05;456;95;
fd417230-19cf-4e7b-9623-f7c9ca18ec6b;2020-01-03T14:49:00Z;456.05;456.1;456.1;456;1119;
fd417230-19cf-4e7b-9623-f7c9ca18ec6b;2020-01-03T14:50:00Z;456.1;456.25;456.25;456.05;306;
fd417230-19cf-4e7b-9623-f7c9ca18ec6b;2020-01-03T14:51:00Z;456.25;456.35;456.45;456.2;743;
fd417230-19cf-4e7b-9623-f7c9ca18ec6b;2020-01-03T14:52:00Z;456.35;456.3;456.5;456.2;1435;
fd417230-19cf-4e7b-9623-f7c9ca18ec6b;2020-01-03T14:53:00Z;456.25;456.55;456.55;456.25;1396;
fd417230-19cf-4e7b-9623-f7c9ca18ec6b;2020-01-03T14:54:00Z;456.5;456.6;456.6;456.4;295;
fd417230-19cf-4e7b-9623-f7c9ca18ec6b;2020-01-03T14:55:00Z;456.6;456.6;456.65;456.4;355;
fd417230-19cf-4e7b-9623-f7c9ca18ec6b;2020-01-03T14:56:00Z;456.6;456.6;456.65;456.55;245;
fd417230-19cf-4e7b-9623-f7c9ca18ec6b;2020-01-03T14:57:00Z;456.65;456.55;456.65;456.5;407;
fd417230-19cf-4e7b-9623-f7c9ca18ec6b;2020-01-03T14:58:00Z;456.55;456.6;456.65;456.55;157;
fd417230-19cf-4e7b-9623-f7c9ca18ec6b;2020-01-03T14:59:00Z;456.65;456.6;456.65;456.6;446;
fd417230-19cf-4e7b-9623-f7c9ca18ec6b;2020-01-03T15:00:00Z;456.6;456.35;456.6;456.25;1435;
fd417230-19cf-4e7b-9623-f7c9ca18ec6b;2020-01-03T15:01:00Z;456.4;456.6;456.6;456.35;591;
fd417230-19cf-4e7b-9623-f7c9ca18ec6b;2020-01-03T15:02:00Z;456.55;456.45;456.65;456.4;1336;
fd417230-19cf-4e7b-9623-f7c9ca18ec6b;2020-01-03T15:03:00Z;456.45;456.45;456.6;456.45;388;
fd417230-19cf-4e7b-9623-f7c9ca18ec6b;2020-01-03T15:04:00Z;456.45;456.45;456.55;456.4;322;
fd417230-19cf-4e7b-9623-f7c9ca18ec6b;2020-01-03T15:05:00Z;456.35;456.4;456.5;456.35;131;
fd417230-19cf-4e7b-9623-f7c9ca18ec6b;2020-01-03T15:06:00Z;456.5;456.35;456.5;456.35;898;
fd417230-19cf-4e7b-9623-f7c9ca18ec6b;2020-01-03T15:07:00Z;456.4;456.25;456.4;456.25;283;
fd417230-19cf-4e7b-9623-f7c9ca18ec6b;2020-01-03T15:08:00Z;456.3;456.35;456.5;456.05;2050;
fd417230-19cf-4e7b-9623-f7c9ca18ec6b;2020-01-03T15:09:00Z;456.45;456.35;456.5;456.35;73;
fd417230-19cf-4e7b-9623-f7c9ca18ec6b;2020-01-03T15:10:00Z;456.45;456.45;456.45;456.35;40;
fd417230-19cf-4e7b-9623-f7c9ca18ec6b;2020-01-03T15:11:00Z;456.45;456.5;456.5;456.45;263;
fd417230-19cf-4e7b-9623-f7c9ca18ec6b;2020-01-03T15:12:00Z;456.45;456.45;456.45;456.4;249;
fd417230-19cf-4e7b-9623-f7c9ca18ec6b;2020-01-03T15:13:00Z;456.5;456.45;456.5;456.45;415;
fd417230-19cf-4e7b-9623-f7c9ca18ec6b;2020-01-03T15:14:00Z;456.4;456.35;456.4;456.35;872;
fd417230-19cf-4e7b-9623-f7c9ca18ec6b;2020-01-03T15:15:00Z;456.4;456.5;456.5;456.4;419;
fd417230-19cf-4e7b-9623-f7c9ca18ec6b;2020-01-03T15:16:00Z;456.4;456.45;456.5;456.4;325;
fd417230-19cf-4e7b-9623-f7c9ca18ec6b;2020-01-03T15:17:00Z;456.5;456.5;456.5;456.45;261;
fd417230-19cf-4e7b-9623-f7c9ca18ec6b;2020-01-03T15:18:00Z;456.4;456.5;456.5;456.4;502;
fd417230-19cf-4e7b-9623-f7c9ca18ec6b;2020-01-03T15:19:00Z;456.45;456.35;456.5;456.35;857;
fd417230-19cf-4e7b-9623-f7c9ca18ec6b;2020-01-03T15:20:00Z;456.45;456.45;456.45;456.35;921;
fd417230-19cf-4e7b-9623-f7c9ca18ec6b;2020-01-03T15:21:00Z;456.35;456.45;456.45;456.35;400;
fd417230-19cf-4e7b-9623-f7c9ca18ec6b;2020-01-03T15:22:00Z;456.35;456.1;456.35;456;1096;
fd417230-19cf-4e7b-9623-f7c9ca18ec6b;2020-01-03T15:23:00Z;456.1;456.2;456.2;455.95;445;
fd417230-19cf-4e7b-9623-f7c9ca18ec6b;2020-01-03T15:24:00Z;456.35;456.45;456.45;456.1;302;
fd417230-19cf-4e7b-9623-f7c9ca18ec6b;2020-01-03T15:25:00Z;456.45;456.35;456.45;456.25;607;
fd417230-19cf-4e7b-9623-f7c9ca18ec6b;2020-01-03T15:26:00Z;456.4;456.3;456.45;456.2;528;
fd417230-19cf-4e7b-9623-f7c9ca18ec6b;2020-01-03T15:27:00Z;456.25;455.9;456.3;455.9;917;
fd417230-19cf-4e7b-9623-f7c9ca18ec6b;2020-01-03T15:28:00Z;455.9;455.85;455.95;455.8;862;
fd417230-19cf-4e7b-9623-f7c9ca18ec6b;2020-01-03T15:29:00Z;455.85;455.6;455.85;455.6;1024;
fd417230-19cf-4e7b-9623-f7c9ca18ec6b;2020-01-03T15:30:00Z;455.5;455.6;455.65;455.4;1038;
fd417230-19cf-4e7b-9623-f7c9ca18ec6b;2020-01-03T15:31:00Z;455.65;455.4;455.65;455.35;1128;
fd417230-19cf-4e7b-9623-f7c9ca18ec6b;2020-01-03T15:32:00Z;455.35;455.4;455.55;455.35;731;
fd417230-19cf-4e7b-9623-f7c9ca18ec6b;2020-01-03T15:33:00Z;455.4;455.45;455.55;455.4;273;
fd417230-19cf-4e7b-9623-f7c9ca18ec6b;2020-01-03T15:34:00Z;455.4;455.6;455.6;455.35;1131;
fd417230-19cf-4e7b-9623-f7c9ca18ec6b;2020-01-03T15:35:00Z;455.55;455.5;455.8;455.45;750;
fd417230-19cf-4e7b-9623-f7c9ca18ec6b;2020-01-03T15:36:00Z;455.55;455.8;455.8;455.55;420;
fd417230-19cf-4e7b-9623-f7c9ca18ec6b;2020-01-03T15:37:00Z;455.8;455.55;455.8;455.5;1055;
fd417230-19cf-4e7b-9623-f7c9ca18ec6b;2020-01-03T15:38:00Z;455.55;455.5;455.65;455.5;3278;
fd417230-19cf-4e7b-9623-f7c9ca18ec6b;2020-01-03T15:39:00Z;455.55;455.5;456.15;455.45;6387;
fd417230-19cf-4e7b-9623-f7c9ca18ec6b;2020-01-03T15:45:00Z;456.9;456.9;456.9;456.9;17604;
fd417230-19cf-4e7b-9623-f7c9ca18ec6b;2020-01-03T15:46:00Z;456.9;456.9;456.9;456.9;1061;
fd417230-19cf-4e7b-9623-f7c9ca18ec6b;2020-01-03T15:47:00Z;456.9;456.9;456.9;456.9;7496;
